BEGIN TRANSACTION;
CREATE TABLE IF NOT EXISTS "migrations" (
	"id"	integer NOT NULL,
	"migration"	varchar NOT NULL,
	"batch"	integer NOT NULL,
	PRIMARY KEY("id" AUTOINCREMENT)
);
CREATE TABLE IF NOT EXISTS "password_resets" (
	"email"	varchar NOT NULL,
	"token"	varchar NOT NULL,
	"created_at"	datetime
);
CREATE TABLE IF NOT EXISTS "failed_jobs" (
	"id"	integer NOT NULL,
	"uuid"	varchar NOT NULL,
	"connection"	text NOT NULL,
	"queue"	text NOT NULL,
	"payload"	text NOT NULL,
	"exception"	text NOT NULL,
	"failed_at"	datetime NOT NULL DEFAULT CURRENT_TIMESTAMP,
	PRIMARY KEY("id" AUTOINCREMENT)
);
CREATE TABLE IF NOT EXISTS "personal_access_tokens" (
	"id"	integer NOT NULL,
	"tokenable_type"	varchar NOT NULL,
	"tokenable_id"	integer NOT NULL,
	"name"	varchar NOT NULL,
	"token"	varchar NOT NULL,
	"abilities"	text,
	"last_used_at"	datetime,
	"created_at"	datetime,
	"updated_at"	datetime,
	PRIMARY KEY("id" AUTOINCREMENT)
);
CREATE TABLE IF NOT EXISTS "notices" (
	"id"	integer NOT NULL,
	"title"	varchar NOT NULL,
	"details"	varchar,
	"dop"	date NOT NULL,
	"doe"	date NOT NULL,
	"fileaddr"	varchar,
	"is_active"	tinyint(1) NOT NULL DEFAULT '0',
	"created_at"	datetime,
	"updated_at"	datetime,
	PRIMARY KEY("id" AUTOINCREMENT)
);
CREATE TABLE IF NOT EXISTS "roles" (
	"id"	integer NOT NULL,
	"name"	varchar NOT NULL,
	"description"	varchar,
	"created_at"	datetime,
	"updated_at"	datetime,
	PRIMARY KEY("id" AUTOINCREMENT)
);
CREATE TABLE IF NOT EXISTS "teachers" (
	"id"	integer NOT NULL,
	"name"	varchar NOT NULL,
	"nickName"	varchar,
	"mobno"	varchar,
	"desig"	varchar,
	"hqual"	varchar,
	"train_qual"	varchar,
	"extra_qual"	varchar,
	"main_subject_id"	varchar,
	"notes"	varchar,
	"prev_session_pk"	integer,
	"img_ref"	varchar,
	"status"	varchar,
	"remark"	varchar,
	"user_id"	integer NOT NULL,
	"session_id"	integer NOT NULL,
	"school_id"	integer NOT NULL,
	"created_at"	datetime,
	"updated_at"	datetime,
	PRIMARY KEY("id" AUTOINCREMENT)
);
CREATE TABLE IF NOT EXISTS "schools" (
	"id"	integer NOT NULL,
	"session_id"	integer NOT NULL,
	"name"	varchar NOT NULL,
	"details"	varchar,
	"vill"	varchar,
	"po"	varchar,
	"ps"	varchar,
	"pin"	varchar,
	"dist"	varchar,
	"index"	varchar,
	"hscode"	varchar,
	"disecode"	varchar,
	"estd"	varchar,
	"status"	varchar,
	"remark"	varchar,
	"created_at"	datetime,
	"updated_at"	datetime,
	PRIMARY KEY("id" AUTOINCREMENT)
);
CREATE TABLE IF NOT EXISTS "sessions" (
	"id"	integer NOT NULL,
	"name"	varchar NOT NULL,
	"details"	varchar,
	"stdate"	date NOT NULL,
	"entdate"	date NOT NULL,
	"status"	varchar,
	"remark"	varchar,
	"prev_session_id"	integer,
	"next_session_id"	integer,
	"school_id"	integer,
	"created_at"	datetime,
	"updated_at"	datetime,
	PRIMARY KEY("id" AUTOINCREMENT)
);
CREATE TABLE IF NOT EXISTS "fee_particulars" (
	"id"	integer NOT NULL,
	"created_at"	datetime,
	"updated_at"	datetime,
	PRIMARY KEY("id" AUTOINCREMENT)
);
CREATE TABLE IF NOT EXISTS "myclasses" (
	"id"	integer NOT NULL,
	"name"	varchar NOT NULL,
	"description"	varchar,
	"order_index"	integer,
	"school_id"	integer,
	"session_id"	integer,
	"user_id"	integer,
	"approved_by"	integer,
	"is_active"	tinyint(1) DEFAULT '1',
	"is_finalized"	tinyint(1) DEFAULT '0',
	"status"	varchar,
	"remarks"	varchar,
	"created_at"	datetime,
	"updated_at"	datetime,
	PRIMARY KEY("id" AUTOINCREMENT)
);
CREATE TABLE IF NOT EXISTS "sections" (
	"id"	integer NOT NULL,
	"name"	varchar NOT NULL,
	"description"	varchar,
	"order_index"	integer,
	"school_id"	integer,
	"session_id"	integer,
	"user_id"	integer,
	"approved_by"	integer,
	"is_active"	tinyint(1) DEFAULT '1',
	"is_finalized"	tinyint(1) DEFAULT '0',
	"status"	varchar,
	"remarks"	varchar,
	"created_at"	datetime,
	"updated_at"	datetime,
	PRIMARY KEY("id" AUTOINCREMENT)
);
CREATE TABLE IF NOT EXISTS "session_event_categories" (
	"id"	integer NOT NULL,
	"name"	varchar NOT NULL,
	"description"	varchar,
	"order_index"	integer,
	"school_id"	integer,
	"session_id"	integer,
	"user_id"	integer,
	"approved_by"	integer,
	"is_active"	tinyint(1) DEFAULT '1',
	"is_finalized"	tinyint(1) DEFAULT '0',
	"status"	varchar,
	"remarks"	varchar,
	"created_at"	datetime,
	"updated_at"	datetime,
	PRIMARY KEY("id" AUTOINCREMENT)
);
CREATE TABLE IF NOT EXISTS "session_events" (
	"id"	integer NOT NULL,
	"name"	varchar NOT NULL,
	"description"	varchar,
	"order_index"	integer,
	"session_event_category_id"	integer,
	"school_id"	integer,
	"session_id"	integer,
	"user_id"	integer,
	"approved_by"	integer,
	"is_active"	tinyint(1) DEFAULT '1',
	"is_finalized"	tinyint(1) DEFAULT '0',
	"status"	varchar,
	"remarks"	varchar,
	"created_at"	datetime,
	"updated_at"	datetime,
	PRIMARY KEY("id" AUTOINCREMENT)
);
CREATE TABLE IF NOT EXISTS "session_event_schedules" (
	"id"	integer NOT NULL,
	"name"	varchar NOT NULL,
	"description"	varchar,
	"order_index"	integer,
	"session_event_id"	integer,
	"session_event_category_id"	integer,
	"start_date"	datetime,
	"end_date"	datetime,
	"school_id"	integer,
	"session_id"	integer,
	"user_id"	integer,
	"approved_by"	integer,
	"is_active"	tinyint(1) DEFAULT '1',
	"is_finalized"	tinyint(1) DEFAULT '0',
	"status"	varchar,
	"remarks"	varchar,
	"created_at"	datetime,
	"updated_at"	datetime,
	PRIMARY KEY("id" AUTOINCREMENT)
);
CREATE TABLE IF NOT EXISTS "studentdbs" (
	"id"	integer NOT NULL,
	"studentid"	varchar,
	"uuid_auto"	varchar,
	"admBookNo"	integer,
	"admSlNo"	integer,
	"admDate"	date,
	"prCls"	varchar,
	"prSch"	varchar,
	"name"	varchar NOT NULL,
	"adhaar"	varchar,
	"fname"	varchar,
	"fadhaar"	varchar,
	"mname"	varchar,
	"madhaar"	varchar,
	"dob"	date,
	"vill1"	varchar,
	"vill2"	varchar,
	"post"	varchar,
	"pstn"	varchar,
	"dist"	varchar,
	"pin"	varchar,
	"state"	varchar,
	"mobl1"	varchar,
	"mobl2"	varchar,
	"ssex"	varchar,
	"blood_grp"	varchar,
	"phch"	varchar,
	"relg"	varchar,
	"cste"	varchar,
	"natn"	varchar,
	"accNo"	varchar,
	"ifsc"	varchar,
	"micr"	varchar,
	"bnnm"	varchar,
	"brnm"	varchar,
	"stclass_id"	integer,
	"stsection_id"	integer,
	"session_id"	integer,
	"school_id"	integer,
	"streason"	integer,
	"enclass_id"	integer,
	"ensection_id"	integer,
	"ensession_id"	integer,
	"enreason"	varchar,
	"img_ref_profile"	varchar,
	"img_ref_brthcrt"	varchar,
	"img_ref_adhaar"	varchar,
	"user_id"	integer NOT NULL,
	"crstatus"	varchar,
	"remarks"	varchar,
	"created_at"	datetime,
	"updated_at"	datetime,
	PRIMARY KEY("id" AUTOINCREMENT)
);
CREATE TABLE IF NOT EXISTS "studentcrs" (
	"id"	integer NOT NULL,
	"studentdb_id"	integer NOT NULL,
	"session_id"	integer NOT NULL,
	"myclass_id"	integer NOT NULL,
	"section_id"	integer NOT NULL,
	"roll_no"	integer NOT NULL,
	"result"	varchar,
	"description"	varchar,
	"crstatus"	varchar,
	"next_class_id"	integer,
	"next_section_id"	integer,
	"next_session_id"	integer,
	"next_studentcr_id"	integer,
	"school_id"	integer,
	"created_at"	datetime,
	"updated_at"	datetime,
	PRIMARY KEY("id" AUTOINCREMENT)
);
CREATE TABLE IF NOT EXISTS "exam01_names" (
	"id"	integer NOT NULL,
	"name"	varchar NOT NULL,
	"description"	varchar,
	"exam_month"	varchar,
	"exam_year"	varchar,
	"order_index"	integer,
	"is_optional"	tinyint(1) DEFAULT '0',
	"session_id"	integer,
	"school_id"	integer,
	"user_id"	integer,
	"approved_by"	integer,
	"is_active"	tinyint(1) DEFAULT '1',
	"is_finalized"	tinyint(1) DEFAULT '0',
	"status"	varchar,
	"remarks"	varchar,
	"created_at"	datetime,
	"updated_at"	datetime,
	PRIMARY KEY("id" AUTOINCREMENT)
);
CREATE TABLE IF NOT EXISTS "exam02_types" (
	"id"	integer NOT NULL,
	"name"	varchar NOT NULL,
	"description"	varchar,
	"order_index"	integer,
	"is_optional"	tinyint(1) DEFAULT '0',
	"session_id"	integer,
	"school_id"	integer,
	"user_id"	integer,
	"approved_by"	integer,
	"is_active"	tinyint(1) DEFAULT '1',
	"is_finalized"	tinyint(1) DEFAULT '0',
	"status"	varchar,
	"remarks"	varchar,
	"created_at"	datetime,
	"updated_at"	datetime,
	PRIMARY KEY("id" AUTOINCREMENT)
);
CREATE TABLE IF NOT EXISTS "exam03_parts" (
	"id"	integer NOT NULL,
	"name"	varchar NOT NULL,
	"description"	varchar,
	"order_index"	integer,
	"is_optional"	tinyint(1) DEFAULT '0',
	"session_id"	integer,
	"school_id"	integer,
	"user_id"	integer,
	"approved_by"	integer,
	"is_active"	tinyint(1) DEFAULT '1',
	"is_finalized"	tinyint(1) DEFAULT '0',
	"status"	varchar,
	"remarks"	varchar,
	"created_at"	datetime,
	"updated_at"	datetime,
	PRIMARY KEY("id" AUTOINCREMENT)
);
CREATE TABLE IF NOT EXISTS "exam04_modes" (
	"id"	integer NOT NULL,
	"name"	varchar NOT NULL,
	"description"	varchar,
	"order_index"	integer,
	"is_optional"	tinyint(1) DEFAULT '0',
	"session_id"	integer,
	"school_id"	integer,
	"user_id"	integer,
	"approved_by"	integer,
	"is_active"	tinyint(1) DEFAULT '1',
	"is_finalized"	tinyint(1) DEFAULT '0',
	"status"	varchar,
	"remarks"	varchar,
	"created_at"	datetime,
	"updated_at"	datetime,
	PRIMARY KEY("id" AUTOINCREMENT)
);
CREATE TABLE IF NOT EXISTS "exam09_schedule_rooms" (
	"id"	integer NOT NULL,
	"name"	varchar NOT NULL,
	"description"	varchar,
	"exam_detail_id"	integer,
	"exam_class_subject_id"	integer,
	"room_id"	integer,
	"exam_date"	date,
	"start_time"	time,
	"end_time"	time,
	"teacher1_id"	integer,
	"teacher2_id"	integer,
	"teacher3_id"	integer,
	"teacher4_id"	integer,
	"order_index"	integer,
	"is_optional"	tinyint(1) DEFAULT '0',
	"session_id"	integer,
	"school_id"	integer,
	"user_id"	integer,
	"approved_by"	integer,
	"is_active"	tinyint(1) DEFAULT '1',
	"is_finalized"	tinyint(1) DEFAULT '0',
	"status"	varchar,
	"remarks"	varchar,
	"created_at"	datetime,
	"updated_at"	datetime,
	PRIMARY KEY("id" AUTOINCREMENT)
);
CREATE TABLE IF NOT EXISTS "exam11_question_papers" (
	"id"	integer NOT NULL,
	"name"	varchar NOT NULL,
	"description"	varchar,
	"exam_detail_id"	integer,
	"exam_class_subject_id"	integer,
	"teacher_id"	integer,
	"is_submitted"	tinyint(1) DEFAULT '0',
	"order_index"	integer,
	"is_optional"	tinyint(1) DEFAULT '0',
	"session_id"	integer,
	"school_id"	integer,
	"user_id"	integer,
	"approved_by"	integer,
	"is_active"	tinyint(1) DEFAULT '1',
	"is_finalized"	tinyint(1) DEFAULT '0',
	"status"	varchar,
	"remarks"	varchar,
	"created_at"	datetime,
	"updated_at"	datetime,
	PRIMARY KEY("id" AUTOINCREMENT)
);
CREATE TABLE IF NOT EXISTS "exam05_details" (
	"id"	integer NOT NULL,
	"name"	varchar NOT NULL,
	"description"	varchar,
	"myclass_id"	INTEGER,
	"exam_name_id"	integer,
	"exam_type_id"	integer,
	"exam_part_id"	integer,
	"exam_mode_id"	integer,
	"order_index"	integer,
	"is_optional"	tinyint(1),
	"session_id"	integer,
	"school_id"	integer,
	"user_id"	integer,
	"approved_by"	integer,
	"is_active"	tinyint(1) DEFAULT '1',
	"is_finalized"	tinyint(1) DEFAULT '0',
	"status"	varchar,
	"remarks"	varchar,
	"created_at"	datetime,
	"updated_at"	datetime,
	PRIMARY KEY("id" AUTOINCREMENT)
);
CREATE TABLE IF NOT EXISTS "myclass_sections" (
	"id"	integer NOT NULL,
	"name"	varchar,
	"description"	varchar,
	"myclass_id"	INTEGER,
	"section_id"	INTEGER,
	"order_index"	integer,
	"school_id"	integer,
	"session_id"	integer,
	"user_id"	integer,
	"approved_by"	integer,
	"is_active"	tinyint(1) DEFAULT '1',
	"is_finalized"	tinyint(1) DEFAULT '0',
	"status"	varchar,
	"remarks"	varchar,
	"created_at"	datetime,
	"updated_at"	datetime,
	PRIMARY KEY("id" AUTOINCREMENT)
);
CREATE TABLE IF NOT EXISTS "subjects" (
	"id"	integer NOT NULL,
	"name"	varchar NOT NULL,
	"description"	varchar,
	"order_index"	integer,
	"subject_type_id"	integer,
	"school_id"	integer,
	"session_id"	integer,
	"user_id"	integer,
	"approved_by"	integer,
	"is_active"	tinyint(1) DEFAULT '1',
	"is_finalized"	tinyint(1) DEFAULT '0',
	"status"	varchar,
	"remarks"	varchar,
	"created_at"	datetime,
	"updated_at"	datetime,
	PRIMARY KEY("id" AUTOINCREMENT)
);
CREATE TABLE IF NOT EXISTS "subject_types" (
	"id"	integer NOT NULL,
	"name"	varchar NOT NULL,
	"description"	varchar,
	"order_index"	integer,
	"school_id"	integer,
	"session_id"	integer,
	"user_id"	integer,
	"approved_by"	integer,
	"is_active"	tinyint(1) DEFAULT '1',
	"is_finalized"	tinyint(1) DEFAULT '0',
	"status"	varchar,
	"remarks"	varchar,
	"created_at"	datetime,
	"updated_at"	datetime,
	PRIMARY KEY("id" AUTOINCREMENT)
);
CREATE TABLE IF NOT EXISTS "myclass_subjects" (
	"id"	integer NOT NULL,
	"name"	varchar NOT NULL,
	"description"	varchar,
	"order_index"	integer,
	"is_optional"	tinyint(1) DEFAULT '0',
	"myclass_id"	integer,
	"subject_id"	integer,
	"session_id"	integer,
	"school_id"	integer,
	"user_id"	integer,
	"approved_by"	integer,
	"is_active"	tinyint(1) DEFAULT '1',
	"is_finalized"	tinyint(1) DEFAULT '0',
	"status"	varchar,
	"remarks"	varchar,
	"created_at"	datetime,
	"updated_at"	datetime,
	PRIMARY KEY("id" AUTOINCREMENT)
);
CREATE TABLE IF NOT EXISTS "exam07_ansscr_dists" (
	"id"	integer NOT NULL,
	"name"	varchar,
	"description"	varchar,
	"exam_detail_id"	integer,
	"myclass_section_id"	INTEGER,
	"exam_class_subject_id"	integer,
	"teacher_id"	integer,
	"order_index"	integer,
	"is_optional"	tinyint(1) DEFAULT '0',
	"session_id"	integer,
	"school_id"	integer,
	"user_id"	integer,
	"approved_by"	integer,
	"is_active"	tinyint(1) DEFAULT '1',
	"is_finalized"	tinyint(1) DEFAULT '0',
	"status"	varchar,
	"remarks"	varchar,
	"created_at"	datetime,
	"updated_at"	datetime,
	PRIMARY KEY("id" AUTOINCREMENT)
);
CREATE TABLE IF NOT EXISTS "exam10_marks_entries" (
	"id"	integer NOT NULL,
	"name"	varchar,
	"description"	varchar,
	"exam_detail_id"	integer,
	"exam_class_subject_id"	integer,
	"myclass_section_id"	INTEGER,
	"studentcr_id"	INTEGER,
	"exam_marks"	numeric,
	"session_id"	integer,
	"school_id"	integer,
	"user_id"	integer,
	"approved_by"	integer,
	"is_active"	tinyint(1) DEFAULT '1',
	"is_finalized"	tinyint(1) DEFAULT '0',
	"status"	varchar,
	"remarks"	varchar,
	"created_at"	datetime,
	"updated_at"	datetime,
	PRIMARY KEY("id" AUTOINCREMENT)
);
CREATE TABLE IF NOT EXISTS "exam06_class_subjects" (
	"id"	integer NOT NULL,
	"name"	varchar,
	"description"	varchar,
	"exam_detail_id"	integer,
	"myclass_id"	integer,
	"subject_id"	integer,
	"full_marks"	integer,
	"pass_marks"	integer,
	"time_in_minutes"	integer,
	"is_additional"	tinyint(1) DEFAULT '0',
	"is_combined"	tinyint(1) DEFAULT '0',
	"order_index"	integer,
	"is_optional"	tinyint(1) DEFAULT '0',
	"exam_weightage"	integer,
	"session_id"	integer,
	"school_id"	integer,
	"user_id"	integer,
	"approved_by"	integer,
	"is_active"	tinyint(1) DEFAULT '1',
	"is_finalized"	tinyint(1) DEFAULT '0',
	"status"	varchar,
	"remarks"	varchar,
	"created_at"	datetime,
	"updated_at"	datetime,
	PRIMARY KEY("id" AUTOINCREMENT)
);
CREATE TABLE IF NOT EXISTS "subject_teacher" (
	"id"	integer,
	"subject_id"	integer,
	"teacher_id"	integer,
	"is_primary"	tinyint(1) DEFAULT '0',
	"status"	varchar DEFAULT 'active',
	"notes"	text,
	"created_at"	datetime,
	"updated_at"	datetime,
	FOREIGN KEY("teacher_id") REFERENCES "teachers"("id") on delete cascade,
	FOREIGN KEY("subject_id") REFERENCES "subjects"("id") on delete cascade,
	PRIMARY KEY("id" AUTOINCREMENT)
);
CREATE TABLE IF NOT EXISTS "users" (
	"id"	integer NOT NULL,
	"name"	varchar NOT NULL,
	"email"	varchar NOT NULL,
	"email_verified_at"	datetime,
	"password"	varchar,
	"google_id"	varchar,
	"remember_token"	varchar,
	"role_id"	integer NOT NULL DEFAULT '0',
	"teacher_id"	integer NOT NULL DEFAULT '0',
	"studentdb_id"	integer NOT NULL DEFAULT '0',
	"is_requested"	tinyint(1),
	"created_at"	datetime,
	"updated_at"	datetime,
	PRIMARY KEY("id" AUTOINCREMENT)
);
INSERT INTO "migrations" ("id","migration","batch") VALUES (1,'2014_10_12_000000_create_users_table',1),
 (2,'2014_10_12_100000_create_password_resets_table',1),
 (3,'2019_08_19_000000_create_failed_jobs_table',1),
 (4,'2019_12_14_000001_create_personal_access_tokens_table',1),
 (5,'2024_06_22_151005_create_notices_table',1),
 (6,'2024_06_25_133932_create_roles_table',1),
 (7,'2024_08_18_131554_create_teachers_table',1),
 (8,'2024_08_19_043016_create_schools_table',1),
 (9,'2024_08_19_043104_create_sessions_table',1),
 (10,'2025_02_16_064857_create_fee_particulars_table',1),
 (11,'2025_02_17_175430_create_myclasses_table',2),
 (12,'2025_02_17_175811_create_sections_table',2),
 (13,'2025_02_17_175958_create_myclass_sections_table',2),
 (14,'2025_02_17_182839_create_session_event_categories_table',2),
 (15,'2025_02_17_182941_create_session_events_table',2),
 (16,'2025_02_17_183204_create_session_event_schedules_table',2),
 (17,'2025_02_17_190028_create_studentdbs_table',2),
 (18,'2025_02_17_190306_create_studentcrs_table',2),
 (19,'2025_06_23_184547_create_exam01_names_table',2),
 (20,'2025_06_24_004628_create_exam02_types_table',2),
 (21,'2025_06_24_004722_create_exam03_parts_table',2),
 (22,'2025_06_24_005021_create_exam04_modes_table',2),
 (23,'2025_06_24_005049_create_exam05_details_table',2),
 (24,'2025_06_24_015033_create_exam06_class_subjects_table',2),
 (25,'2025_06_24_015159_create_exam07_ansscr_dists_table',2),
 (26,'2025_06_24_015750_create_exam09_schedule_rooms_table',2),
 (27,'2025_06_24_015939_create_exam10_marks_entries_table',2),
 (28,'2025_06_24_020117_create_exam11_question_papers_table',2),
 (29,'2025_08_02_025121_create_subjects_table',3),
 (30,'2025_08_02_025439_create_subject_types_table',3),
 (31,'2025_08_03_133128_create_myclass_subjects_table',4),
 (32,'2025_01_13_000000_create_subject_teacher_table',5);
INSERT INTO "roles" ("id","name","description","created_at","updated_at") VALUES (1,'User','Students',NULL,NULL),
 (2,'Sub Admin','Teacher',NULL,NULL),
 (3,'Office Staff','Clerk',NULL,NULL),
 (4,'Admin','Principal',NULL,NULL),
 (5,'Super Admin','Management',NULL,NULL);
INSERT INTO "teachers" ("id","name","nickName","mobno","desig","hqual","train_qual","extra_qual","main_subject_id","notes","prev_session_pk","img_ref","status","remark","user_id","session_id","school_id","created_at","updated_at") VALUES (1,'AA Ajatam','aa','123','HM','MSC','BED','PGDCA','Mathematics','Special','','char01.png','Active','',5,1,1,'2025-08-05 16:21:53','2025-08-05 16:21:53'),
 (2,'BB Barman','bb','123','AHM','MSC','BED','PGDCA','English','Special','','LumqzjjVL6mxmTcGkq6WMs0hf8mlYwnxfEel9gbE.jpg','Active','',4,1,1,'2025-08-05 16:21:53','2025-08-05 16:21:53'),
 (3,'CC Chatterjee','cc','123','AT','MSC','BED','PGDCA','Bengali','Special','','abcc','Active','',3,1,1,'2025-08-05 16:21:53','2025-08-05 16:21:53'),
 (4,'DD Dutta','dd','123','AT','MSC','BED','PGDCA','Bengali','Special','','abcc','Active','',2,1,1,'2025-08-05 16:21:53','2025-08-20 09:00:02'),
 (5,'EE Empel','ee','123','AT','MSC','BED','PGDCA','Physical Science','Special','','abcc','Active','',1,1,1,'2025-08-05 16:21:53','2025-08-05 16:21:53'),
 (6,'FF Fazal','ff','123','AT','MSC','BED','PGDCA','Mathematics','Special','','abcc','Active','','',1,1,'2025-08-05 16:21:53','2025-08-05 16:21:53'),
 (7,'GG Ganguli','gg','123','AT','MSC','BED','PGDCA','Mathematics','Special','','abcc','Active','',0,1,1,'2025-08-05 16:21:53','2025-08-20 08:47:05'),
 (8,'HH Hoque','aa','123','AT','MSC','BED','PGDCA','Mathematics','Special','','abcc','Active','','',1,1,'2025-08-05 16:21:53','2025-08-05 16:21:53'),
 (9,'II Ismail','aa','123','AT','MSC','BED','PGDCA','Mathematics','Special','','abcc','Active','',0,1,1,'2025-08-05 16:21:53','2025-08-20 09:04:11'),
 (10,'JJ Jana','aa','123','AT','MSC','BED','PGDCA','Mathematics','Special','','abcc','Active','','',1,1,'2025-08-05 16:21:53','2025-08-05 16:21:53'),
 (11,'KK Karmakar','aa','123','AT','MSC','BED','PGDCA','Mathematics','Special','','abcc','Active','','',1,1,'2025-08-05 16:21:53','2025-08-05 16:21:53'),
 (12,'LL Laha','aa','123','AT','MSC','BED','PGDCA','Mathematics','Special','','abcc','Active','','',1,1,'2025-08-05 16:21:53','2025-08-05 16:21:53'),
 (13,'MM Mondal','aa','123','AT','MSC','BED','PGDCA','Mathematics','Special','','abcc','Active','','',1,1,'2025-08-05 16:21:53','2025-08-05 16:21:53'),
 (14,'NN Nandi','aa','123','AT','MSC','BED','PGDCA','Mathematics','Special','','abcc','Active','','',1,1,'2025-08-05 16:21:53','2025-08-05 16:21:53'),
 (15,'OO Obul','aa','123','AT','MSC','BED','PGDCA','Mathematics','Special','','abcc','Active','',6,1,1,'2025-08-05 16:21:53','2025-08-20 10:25:36'),
 (16,'PP Paul','aa','123','AT','MSC','BED','PGDCA','Mathematics','Special','','abcc','Active','',0,1,1,'2025-08-05 16:21:53','2025-08-20 09:00:01');
INSERT INTO "schools" ("id","session_id","name","details","vill","po","ps","pin","dist","index","hscode","disecode","estd","status","remark","created_at","updated_at") VALUES (1,1,'Little Flower School','English Medium','Bhagwangola','Bhagwangola','Bhagwangola','742125','Murshidabad','123','456','1907','1921','active','Good ','','');
INSERT INTO "sessions" ("id","name","details","stdate","entdate","status","remark","prev_session_id","next_session_id","school_id","created_at","updated_at") VALUES (1,'2025-26',NULL,'2025-04-01 16:21:53','2026-03-31 16:21:53','active',NULL,NULL,NULL,NULL,'2025-08-05 16:21:53','2025-08-16 07:31:48'),
 (2,'2026-27',NULL,'2026-04-01 16:21:53','2027-03-31 16:21:53','inactive',NULL,NULL,NULL,NULL,'2025-08-05 16:21:53','2025-08-16 07:31:48'),
 (3,'2027-28','hjj','2027-01-04','2028-03-31','inactive','',2,NULL,NULL,'2025-08-16 16:06:27','2025-08-16 16:06:27');
INSERT INTO "myclasses" ("id","name","description","order_index","school_id","session_id","user_id","approved_by","is_active","is_finalized","status","remarks","created_at","updated_at") VALUES (1,'Baby Land','BB',1,1,1,4,4,1,0,'','','2025-08-03 15:30:35','2025-08-03 15:30:35'),
 (2,'Lower KG','LKG',2,1,1,4,4,1,0,NULL,NULL,'2025-08-03 15:30:35','2025-08-03 15:30:35'),
 (3,'Upper KG','UKG',3,1,1,4,4,1,0,NULL,NULL,'2025-08-03 15:30:35','2025-08-03 15:30:35'),
 (4,'One','1',4,1,1,4,4,1,0,NULL,NULL,'2025-08-03 15:30:35','2025-08-03 15:30:35'),
 (5,'Two','2',5,1,1,4,4,1,0,NULL,NULL,'2025-08-03 15:30:35','2025-08-03 15:30:35'),
 (6,'Three','3',6,1,1,4,4,1,0,'','','2025-08-03 15:30:35','2025-08-03 15:30:35'),
 (7,'Four','4',7,1,1,4,4,1,0,NULL,NULL,'2025-08-03 15:30:35','2025-08-03 15:30:35'),
 (8,'Five new','5',8,1,1,4,4,1,0,NULL,NULL,'2025-08-03 15:30:35','2025-08-03 15:30:35');
INSERT INTO "sections" ("id","name","description","order_index","school_id","session_id","user_id","approved_by","is_active","is_finalized","status","remarks","created_at","updated_at") VALUES (1,'A','aa',1,1,1,1,1,1,0,'','','2025-08-11 19:01:12','2025-08-11 19:01:12'),
 (2,'B','bb',2,1,1,1,1,1,0,NULL,NULL,'2025-08-11 19:01:12','2025-08-11 19:01:12'),
 (3,'C','cc',3,1,1,1,1,1,0,NULL,NULL,'2025-08-11 19:01:12','2025-08-11 19:01:12'),
 (4,'D','dd',4,1,1,1,1,1,0,NULL,NULL,'2025-08-11 19:01:12','2025-08-11 19:01:12'),
 (5,'E','ee',5,1,1,1,1,1,0,NULL,NULL,'2025-08-11 19:01:12','2025-08-11 19:01:12'),
 (6,'F','ff',6,1,1,1,1,1,0,NULL,NULL,'2025-08-11 19:01:12','2025-08-11 19:01:12');
INSERT INTO "studentdbs" ("id","studentid","uuid_auto","admBookNo","admSlNo","admDate","prCls","prSch","name","adhaar","fname","fadhaar","mname","madhaar","dob","vill1","vill2","post","pstn","dist","pin","state","mobl1","mobl2","ssex","blood_grp","phch","relg","cste","natn","accNo","ifsc","micr","bnnm","brnm","stclass_id","stsection_id","session_id","school_id","streason","enclass_id","ensection_id","ensession_id","enreason","img_ref_profile","img_ref_brthcrt","img_ref_adhaar","user_id","crstatus","remarks","created_at","updated_at") VALUES (21,NULL,'3901dbdc-812d-4e36-814a-cc4a3cf51ac7',1,1,'2025-04-04',NULL,NULL,'Anas Aktar','661941884097','Md. Aktar Ali','','Umme Habiba','','2020-10-06','Barsatigola',NULL,'Bhagwangola','Bhagwangola','Murshidabad','742135','West Bengal','9614417887',NULL,'Male',NULL,NULL,'Muslim','General','Indian',NULL,NULL,NULL,NULL,NULL,1,1,1,1,NULL,1,1,1,NULL,'student-profiles/LumqzjjVL6mxmTcGkq6WMs0hf8mlYwnxfEel9gbE.jpg','student-documents/HTIoxZMBxgbE0VlPOMy5wKUtSXZDTwObuiLKpiVZ.png','student-documents/aq43uuh0cE6aM1aL94bF6uAZOsYN3fnM8hkUM5xc.png',4,NULL,NULL,NULL,'2025-08-12 19:23:30'),
 (22,NULL,'LFS202526002',1,1,'2025-03-31',NULL,NULL,'Rehanth Rouson','3285 4536 4084','Rakesh Rouson','','Tania Islam','','2021-08-01','Barsatigola',NULL,'Bhagwangola','Bhagwangola','Murshidabad','742135','West Bengal','7365016889',NULL,'male',NULL,NULL,'Muslim','General','Indian',NULL,NULL,NULL,NULL,NULL,1,1,1,1,NULL,1,1,1,NULL,'studentdb/22_profile.jpeg',NULL,NULL,4,NULL,NULL,NULL,'2025-04-01 01:09:44'),
 (23,NULL,'LFS202526006',1,1,'2025-04-01',NULL,NULL,'MD Emon Sekh','9642 9071 0017','MD Palash','','Jinnatara Khatun','','2020-11-10','Mahisasthali',NULL,'Bhagwangola','Bhagwangola','Murshidabad','742135','West Bengal','6296831029',NULL,'male',NULL,NULL,'Muslim','General','Indian',NULL,NULL,NULL,NULL,NULL,1,1,1,1,NULL,1,1,1,NULL,'studentdb/23_profile.jpeg',NULL,NULL,4,NULL,NULL,NULL,'2025-04-01 14:04:58'),
 (24,NULL,'LFS202526003',1,1,'2025-04-01',NULL,NULL,'Inaya Hoque','0','Emdadul Hoque','','Shikha Khatun','','2021-06-10','Dayanagar',NULL,'Bhagwangola','Bhagwangola','Murshidabad','742135','West Bengal','9933455055',NULL,'female',NULL,NULL,'Muslim','General','Indian',NULL,NULL,NULL,NULL,NULL,1,1,1,1,NULL,1,1,1,NULL,'studentdb/24_profile.jpg',NULL,NULL,4,NULL,NULL,NULL,'2025-04-01 14:05:09'),
 (25,NULL,'LFS202526008',1,0,'2025-04-01',NULL,NULL,'Mahir Sk','0','Mamun Sk','','Khusbu Parvin','','2020-12-23','Jalibagicha',NULL,'Mahisasthali','Bhagwangola','Murshidabad','742135','West Bengal','9749802876',NULL,'male',NULL,NULL,'Muslim','General','Indian',NULL,NULL,NULL,NULL,NULL,1,1,1,1,NULL,1,1,1,NULL,'studentdb/25_profile.jpeg',NULL,NULL,4,NULL,NULL,NULL,'2025-04-01 14:04:39'),
 (26,NULL,'LFS202526007',1,1,'2025-04-08',NULL,NULL,'Imrose Sk','6482 2884 5260','Belal Sk ',NULL,'Chumki Khatun',NULL,'2020-12-19','N.Para Kashiyadanga',NULL,'Mahisasthali','Bhagwangola','Murshidabad','742135','West Bengal','7908266868',NULL,'male',NULL,NULL,'Muslim','General','Indian',NULL,NULL,NULL,NULL,NULL,1,1,1,1,NULL,1,1,1,NULL,'studentdb/26_profile.jpeg',NULL,NULL,4,NULL,NULL,NULL,'2025-04-08 18:55:51'),
 (27,NULL,'LFS202526009',1,0,'2025-04-01',NULL,NULL,'Fahmin Hoque','7333 5333 0654','MD Tofijul Hoque',NULL,'Baby Najnin',NULL,'2021-08-03','Kalinagar',NULL,'Bhagwangola','Bhagwangola','Murshidabad','742135','West Bengal','6296936247',NULL,'male',NULL,NULL,'Muslim','General','Indian',NULL,NULL,NULL,NULL,NULL,1,1,1,1,NULL,1,1,1,NULL,'studentdb/27_profile.jpeg',NULL,NULL,4,NULL,NULL,NULL,'2025-04-01 14:07:13'),
 (28,NULL,'LFS202526010',1,1,'2025-04-04',NULL,NULL,'Dipto Saha','7699 3641 6414','Dibbendu Saha',NULL,'Suparna Saha',NULL,'2020-11-20','Mahisasthali',NULL,'Bhagwangola','Bhagwangola','Murshidabad','742135','West Bengal','7679143534',NULL,'male',NULL,NULL,'Hindu','General','Indian',NULL,NULL,NULL,NULL,NULL,1,1,1,1,NULL,1,1,1,NULL,'studentdb/28_profile.jpeg',NULL,NULL,4,NULL,NULL,NULL,'2025-04-04 11:23:26'),
 (29,NULL,'LFS202526011',1,0,'2025-03-29',NULL,NULL,'Faiz Sk','7260 5726 3006','Mejarul Sk',NULL,'Tunjila Khatun',NULL,'2021-02-05','Dayanagar',NULL,'Bhagwangola','Bhagwangola','Murshidabad','742135','W.B','9933013242',NULL,'male',NULL,NULL,'Muslim','General','Indian',NULL,NULL,NULL,NULL,NULL,1,1,1,1,NULL,1,1,1,NULL,'studentdb/29_profile.jpeg',NULL,NULL,4,NULL,NULL,NULL,'2025-03-29 14:24:54'),
 (30,NULL,'LFS202526004',1,1,'2025-04-08',NULL,NULL,'Alija Afreen','6899 5857 2951','Jamal Asif',NULL,'Khadija Khatun',NULL,'2021-06-03','N.Para Kashiyadanga',NULL,'Mahisasthali','Bhagwangola','Murshidabad','742135','West Bengal','8158800931',NULL,'female',NULL,NULL,'Muslim','General','Indian',NULL,NULL,NULL,NULL,NULL,1,1,1,1,NULL,1,1,1,NULL,'studentdb/30_profile.jpeg',NULL,NULL,4,NULL,NULL,NULL,'2025-04-08 18:56:09'),
 (31,NULL,'LFS202526064',1,1,'2025-03-29',NULL,NULL,'Fahim Hoque','4294 8832 4208','Injamamul Hoque',NULL,'Farida Khatun Hoque',NULL,'2020-09-23','Altabartala',NULL,'Bhagwangola','Bhagwangola','Murshidabad','742135','West Bengal','9414115936',NULL,'male',NULL,NULL,'Muslim','General','Indian',NULL,NULL,NULL,NULL,NULL,1,1,1,1,NULL,1,1,1,NULL,'studentdb/31_profile.jpeg',NULL,NULL,4,NULL,NULL,NULL,'2025-03-29 14:25:37'),
 (32,'20251111','LFS202223019',2,21,'2025-03-29',NULL,NULL,'Aayan Abid','2222 4444 5555','Milon Sk','','Sabia Sultana','','2018-05-15','Dayanagar','aaaa','Bhagwangola','Bhagwangola','Murshidabad','742135','West Bengal','8945807511',NULL,'male','B+','No','Muslim','General','Indian',NULL,NULL,NULL,NULL,NULL,5,1,1,1,NULL,1,1,1,NULL,'studentdb/32_profile.jpeg',NULL,NULL,4,NULL,NULL,NULL,'2025-03-29 16:18:53'),
 (33,NULL,'LFS202223013',1,1,'2025-03-29',NULL,NULL,'Fahim Islam','','Sariful Islam',NULL,'SAHINA KHATUN',NULL,'2017-12-24','mahisasthali',NULL,'Mahisasthali','Bhagwangola','Murshidabad','742135','West Bengal','6289034414',NULL,'male',NULL,NULL,'Muslim','General','Indian',NULL,NULL,NULL,NULL,NULL,5,1,1,1,NULL,1,1,1,NULL,'studentdb/33_profile.jpeg',NULL,NULL,4,NULL,NULL,NULL,'2025-03-29 14:35:56'),
 (34,NULL,'LFS202122019',1,1,'2025-03-29',NULL,NULL,'Enaya Sarkar','','Eazaj Al Amin',NULL,'SUMITA KHATUN',NULL,'2017-12-10','Mahisasthali',NULL,'Mahisasthali','Bhagwangola','Murshidabad','742135','West Bengal','9933641783',NULL,'female',NULL,NULL,'Muslim','General','Indian',NULL,NULL,NULL,NULL,NULL,5,1,1,1,NULL,1,1,1,NULL,'studentdb/34_profile.jpeg',NULL,NULL,4,NULL,NULL,NULL,'2025-03-29 14:37:52'),
 (35,NULL,'LFS202223014',1,1,'2025-04-01',NULL,NULL,'Faiza Aktar','','Md Hasibul Hoque',NULL,'NASRIN AKTAR',NULL,'2017-09-03','Dayanagar',NULL,'Mahisasthali','Bhagwangola','Murshidabad','742135','West Bengal','9775414454',NULL,'female',NULL,NULL,'Muslim','General','Indian',NULL,NULL,NULL,NULL,NULL,5,1,1,1,NULL,1,1,1,NULL,'studentdb/35_profile.jpeg',NULL,NULL,4,NULL,NULL,NULL,'2025-04-01 15:05:12'),
 (36,NULL,'LFS202324014',1,1,'2025-04-01',NULL,NULL,'Aarfa Khan','','Mehedi Alam Khan',NULL,'Rejina Khatun',NULL,'2017-09-03','Dayanagar',NULL,'Mahisasthali','Bhagwangola','Murshidabad','742135','West Bengal','9609272847',NULL,'female',NULL,NULL,'Muslim','General','Indian',NULL,NULL,NULL,NULL,NULL,5,1,1,1,NULL,1,1,1,NULL,'studentdb/36_profile.jpeg',NULL,NULL,4,NULL,NULL,NULL,'2025-04-01 15:05:42'),
 (37,NULL,'LFS202223004',1,1,'2025-03-29',NULL,NULL,'Sara Anjum','','Saddam Hossain',NULL,'RAHIMA BIBI',NULL,'2018-03-22','Mahisasthali',NULL,'Mahisasthali','Bhagwangola','Murshidabad','742135','West Bengal','9339230192',NULL,'male',NULL,NULL,'Muslim','General','Indian',NULL,NULL,NULL,NULL,NULL,5,1,1,1,NULL,1,1,1,NULL,'studentdb/37_profile.jpeg',NULL,NULL,4,NULL,NULL,NULL,'2025-03-29 14:40:49'),
 (38,NULL,'LFS202324016',1,1,'2025-04-01',NULL,NULL,'Noman Alam','','Shukre Alam',NULL,'Najnin Aktar',NULL,'2018-02-10','Mahesh Narayan Ganj',NULL,'Bhagwangola','Bhagwangola','Murshidabad','742135','West Bengal','9775270047',NULL,'male',NULL,NULL,'Muslim','General','Indian',NULL,NULL,NULL,NULL,NULL,5,1,1,1,NULL,1,1,1,NULL,'studentdb/38_profile.jpeg',NULL,NULL,4,NULL,NULL,NULL,'2025-04-01 15:06:02'),
 (39,NULL,'LFS202324041',1,1,'2025-04-08',NULL,NULL,'Mahir Sk','','Asgar Ali',NULL,'Sanuwara Bibi',NULL,'2017-10-03','N.Para Kashiyadanga',NULL,'Mahisasthali','Bhagwangola','Murshidabad','742135','West Bengal','9547089126',NULL,'male',NULL,NULL,'Muslim','General','Indian',NULL,NULL,NULL,NULL,NULL,5,1,1,1,NULL,1,1,1,NULL,'studentdb/39_profile.jpeg',NULL,NULL,4,NULL,NULL,NULL,'2025-04-08 19:55:16'),
 (40,NULL,'LFS202324045',1,1,'2025-04-08',NULL,NULL,'Aman Hossain','','Arif Hossain',NULL,'Naseeba Bibi',NULL,'2017-12-11','N.Para Kashiyadanga',NULL,'Mahisasthali','Bhagwangola','Murshidabad','742135','West Bengal','6296230180',NULL,'male',NULL,NULL,'Muslim','General','Indian',NULL,NULL,NULL,NULL,NULL,5,1,1,1,NULL,1,1,1,NULL,'studentdb/40_profile.jpeg',NULL,NULL,4,NULL,NULL,NULL,'2025-04-08 19:56:49'),
 (41,NULL,'LFS202324038',1,1,'2025-04-01',NULL,NULL,'Asrat Safi','','Md Mithun Sk',NULL,'Hasiba Khatun',NULL,'2017-05-23','Hanumantnagar',NULL,'Bhagwangola','Bhagwangola','Murshidabad','742135','West Bengal','8116356940',NULL,'male',NULL,NULL,'Muslim','General','Indian',NULL,NULL,NULL,NULL,NULL,5,1,1,1,NULL,1,1,1,NULL,'studentdb/41_profile.jpeg',NULL,NULL,4,NULL,NULL,NULL,'2025-04-01 15:06:55'),
 (42,NULL,'LFS202324051',1,1,'2025-04-01',NULL,NULL,'Sara Hossain','','Saddam Hossain',NULL,'Semily Khatun',NULL,'2017-12-11','Dayanagar',NULL,'Bhagwangola','Bhagwangola','Murshidabad','742135','West Bengal','6297022098',NULL,'female',NULL,NULL,'Muslim','General','Indian',NULL,NULL,NULL,NULL,NULL,5,1,1,1,NULL,1,1,1,NULL,'studentdb/42_profile.jpeg',NULL,NULL,4,NULL,NULL,NULL,'2025-04-01 15:07:16'),
 (43,NULL,'LFS202223017',1,1,'2025-04-08',NULL,NULL,'Arbin Islam','','Md Sahidul Islam',NULL,'Poly Bibi',NULL,'2016-09-09','Bhabanipur',NULL,'Krishnapur','Lalgola','Murshidabad','742148','West Bengal','9732689769',NULL,'male',NULL,NULL,'Muslim','General','Indian',NULL,NULL,NULL,NULL,NULL,5,1,1,1,NULL,1,1,1,NULL,'studentdb/43_profile.jpeg',NULL,NULL,4,NULL,NULL,NULL,'2025-04-08 19:56:06'),
 (44,NULL,'LFS202223034',1,1,'2025-03-31',NULL,NULL,'Nusrat Khatun','','Motahar Hossain',NULL,'PINKI KHATUN',NULL,'2017-12-09','Kantanagar',NULL,'Mahisasthali','Bhagwangola','Murshidabad','742135','West Bengal','9000260750',NULL,'female',NULL,NULL,'Muslim','General','Indian',NULL,NULL,NULL,NULL,NULL,5,1,1,1,NULL,1,1,1,NULL,'studentdb/44_profile.jpeg',NULL,NULL,4,NULL,NULL,NULL,'2025-04-01 04:05:52'),
 (45,NULL,'LFS202122018',1,1,'2025-04-01',NULL,NULL,'Ramisa Khatun','','Halim Saikh',NULL,'Bilkish Khatun',NULL,'2017-11-28','Mahisasthali',NULL,'Mahisasthali','Bhagwangola','Murshidabad','742135','West Bengal','8170803190',NULL,'female',NULL,NULL,'Muslim','General','Indian',NULL,NULL,NULL,NULL,NULL,5,1,1,1,NULL,1,1,1,NULL,'studentdb/45_profile.jpeg',NULL,NULL,4,NULL,NULL,NULL,'2025-04-01 15:07:57'),
 (46,NULL,'LFS202223021',1,1,'2025-03-29',NULL,NULL,'Faria Islam Mimi','','Sahidul Islam',NULL,'Habiba bibi',NULL,'2016-05-17','Mahisasthali',NULL,'Mahisasthali','Bhagwangola','Murshidabad','742135','West Bengal','7679234604',NULL,'female',NULL,NULL,'Muslim','General','Indian',NULL,NULL,NULL,NULL,NULL,6,1,1,1,NULL,1,1,1,NULL,'studentdb/46_profile.jpeg',NULL,NULL,4,NULL,NULL,NULL,'2025-03-29 15:14:54'),
 (47,NULL,'LFS202122004',1,1,'2025-03-31',NULL,NULL,'Saheli Sabnam','','Md Mobassar Ali',NULL,'TUHINA BIBI',NULL,'2016-08-17','Mahisasthali',NULL,'Mahisasthali','Bhagwangola','Murshidabad','742135','West Bengal','7001159758',NULL,'female',NULL,NULL,'Muslim','General','Indian',NULL,NULL,NULL,NULL,NULL,6,1,1,1,NULL,1,1,1,NULL,'studentdb/47_profile.jpeg',NULL,NULL,4,NULL,NULL,NULL,'2025-04-01 04:06:36'),
 (48,NULL,'LFS202324047',1,1,'2025-04-01',NULL,NULL,'Said Aktar','','Mustofa Sk',NULL,'Habiba Bibi',NULL,'2016-12-14','Ramnapara',NULL,'Mahisasthali','Bhagwangola','Murshidabad','742135','West Bengal','7384255801',NULL,'male',NULL,NULL,'Muslim','General','Indian',NULL,NULL,NULL,NULL,NULL,6,1,1,1,NULL,1,1,1,NULL,'studentdb/48_profile.jpeg',NULL,NULL,4,NULL,NULL,NULL,'2025-04-01 15:09:02'),
 (49,NULL,'LFS202324053',1,1,'2025-03-29',NULL,NULL,'Abdul Aziz','','Milon Sekh',NULL,'Auliya Bibi',NULL,'2015-04-11','kashipur',NULL,'Mahisasthali','Bhagwangola','Murshidabad','742135','West Bengal','8640080577',NULL,'male',NULL,NULL,'Muslim','General','Indian',NULL,NULL,NULL,NULL,NULL,6,1,1,1,NULL,1,1,1,NULL,'studentdb/49_profile.jpeg',NULL,NULL,4,NULL,NULL,NULL,'2025-03-29 15:17:52'),
 (50,NULL,'LFS202223005',1,1,'2025-03-29',NULL,NULL,'Rahida Parvin','','Rasel Sk',NULL,'Eliza Bibi',NULL,'2017-01-01','Kashidanga',NULL,'Mahisasthali','Bhagwangola','Murshidabad','742135','West Bengal','8653132689',NULL,'female',NULL,NULL,'Muslim','General','Indian',NULL,NULL,NULL,NULL,NULL,6,1,1,1,NULL,1,1,1,NULL,'studentdb/50_profile.jpeg',NULL,NULL,4,NULL,NULL,NULL,'2025-03-29 15:18:31'),
 (51,NULL,'LFS202223030',1,1,'2025-04-08',NULL,NULL,'Riaj Sk','','Selim Sk',NULL,'Rabia Bibi',NULL,'2017-01-20','N.Para Kashiyadanga',NULL,'Mahisasthali','Bhagwangola','Murshidabad','742135','West Bengal','8972582624',NULL,'male',NULL,NULL,'Muslim','General','Indian',NULL,NULL,NULL,NULL,NULL,6,1,1,1,NULL,1,1,1,NULL,'studentdb/51_profile.jpeg',NULL,NULL,4,NULL,NULL,NULL,'2025-04-08 19:57:27'),
 (52,NULL,'LFS202122001',1,1,'2025-03-29',NULL,NULL,'Anas Hoque','','Milon Sk',NULL,'AYESHA BIBI',NULL,'2016-04-14','Mahisasthali',NULL,'Mahisasthali','Bhagwangola','Murshidabad','742135','West Bengal','9153708130',NULL,'male',NULL,NULL,'Muslim','General','Indian',NULL,NULL,NULL,NULL,NULL,6,1,1,1,NULL,1,1,1,NULL,'studentdb/52_profile.jpeg',NULL,NULL,4,NULL,NULL,NULL,'2025-03-29 15:20:19'),
 (53,NULL,'LFS202324025',1,1,'2025-04-01',NULL,NULL,'Sangita Mondal','9130 6519 0199','Satyaban Mondal',NULL,'July Mondal',NULL,'2017-02-07','Kantanagar',NULL,'Kantanagar','Bhagwangola','Murshidabad','742135','West Bengal','7047014507',NULL,'female',NULL,NULL,'Hindu','General','Indian',NULL,NULL,NULL,NULL,NULL,6,1,1,1,NULL,1,1,1,NULL,'studentdb/53_profile.jpeg',NULL,NULL,4,NULL,NULL,NULL,'2025-04-01 15:10:05'),
 (54,NULL,'LFS202122010',1,1,'2025-03-31',NULL,NULL,'Anisha Aktar','','Md Aktar Ali',NULL,'UMME HABIBA',NULL,'2015-09-18','Barsatigola',NULL,'Bhagwangola','Bhagwangola','Murshidabad','742135','West Bengal','9614417887',NULL,'female',NULL,NULL,'Muslim','General','Indian',NULL,NULL,NULL,NULL,NULL,7,1,1,1,NULL,1,1,1,NULL,'studentdb/54_profile.jpeg',NULL,NULL,4,NULL,NULL,NULL,'2025-04-01 04:07:21'),
 (55,NULL,'LFS201920001',1,1,'2025-03-29',NULL,NULL,'Nafisa Hoque','','Emdadul Hoque',NULL,'SIKHA KHATUN',NULL,'2016-03-02','Dayanagar',NULL,'Bhagwangola','Bhagwangola','Murshidabad','742135','West Bengal','9933455055',NULL,'female',NULL,NULL,'Muslim','General','Indian',NULL,NULL,NULL,NULL,NULL,7,1,1,1,NULL,1,1,1,NULL,'studentdb/55_profile.jpeg',NULL,NULL,4,NULL,NULL,NULL,'2025-03-29 15:23:46'),
 (56,NULL,'LFS202324032',1,1,'2025-04-01',NULL,NULL,'Sajeeda Noushin','2324 3819 0834','Md Abul Fazal',NULL,'Mst Sahida Begum',NULL,'2015-11-03','Rajanagar',NULL,'Laskarpur','Lalgola','Murshidabad','742148','West Bengal','8016216416',NULL,'female',NULL,NULL,'Muslim','General','Indian',NULL,NULL,NULL,NULL,NULL,7,1,1,1,NULL,1,1,1,NULL,'studentdb/56_profile.jpeg',NULL,NULL,4,NULL,NULL,NULL,'2025-04-01 15:10:54'),
 (57,NULL,'LFS202122011',1,1,'2025-04-04',NULL,NULL,'Salma Aktar','','Md Golam Moula',NULL,'SINA AKTAR',NULL,'2016-06-29','Barsatigola',NULL,'Bhagwangola','Bhagwangola','Murshidabad','742135','West Bengal','9732999201',NULL,'female',NULL,NULL,'Muslim','General','Indian',NULL,NULL,NULL,NULL,NULL,7,1,1,1,NULL,1,1,1,NULL,'studentdb/57_profile.jpg',NULL,NULL,4,NULL,NULL,NULL,'2025-04-04 19:26:42'),
 (58,NULL,'LFS201920079',1,1,'2025-03-29',NULL,NULL,'Fatematu Johora','','Md Abdul Hamid',NULL,'RIPA BIBI',NULL,'2015-01-15','Dayanagar',NULL,'Bhagwangola','Bhagwangola','Murshidabad','742135','West Bengal','8343005772',NULL,'female',NULL,NULL,'Muslim','General','Indian',NULL,NULL,NULL,NULL,NULL,7,1,1,1,NULL,1,1,1,NULL,'studentdb/58_profile.jpeg',NULL,NULL,4,NULL,NULL,NULL,'2025-03-29 15:27:00'),
 (59,NULL,'LFS202324059',1,1,'2025-04-01',NULL,NULL,'Rafaz Ahmed','','Jainuddin Ahmed',NULL,'Rashia Khatun',NULL,'2015-05-18','Jalibagicha',NULL,'Mahisasthali','Bhagwangola','Murshidabad','742135','West Bengal','8101906892',NULL,'male',NULL,NULL,'Muslim','General','Indian',NULL,NULL,NULL,NULL,NULL,7,1,1,1,NULL,1,1,1,NULL,'studentdb/59_profile.jpeg',NULL,NULL,4,NULL,NULL,NULL,'2025-04-01 15:11:14'),
 (60,NULL,'LFS202122030',1,1,'2025-03-29',NULL,NULL,'Abir Ahmed','','Ikhtar Ahmed',NULL,'JESMINA KHATUN',NULL,'2015-02-18','Barsatigola',NULL,'Bhagwangola','Bhagwangola','Murshidabad','742135','West Bengal','9365998080',NULL,'male',NULL,NULL,'Muslim','General','Indian',NULL,NULL,NULL,NULL,NULL,7,1,1,1,NULL,1,1,1,NULL,'studentdb/60_profile.jpeg',NULL,NULL,4,NULL,NULL,NULL,'2025-03-29 15:29:03'),
 (61,NULL,'LFS201920060',1,1,'2025-03-30',NULL,NULL,'Farhan Hoque','','Injamamul Hoque',NULL,'FARIDA KHATUN HOQUE',NULL,'2015-11-08','Mahisasthali',NULL,'Mahisasthali','Bhagwangola','Murshidabad','742135','West Bengal','9614115936',NULL,'male',NULL,NULL,'Muslim','General','Indian',NULL,NULL,NULL,NULL,NULL,7,1,1,1,NULL,1,1,1,NULL,'studentdb/61_profile.jpeg',NULL,NULL,4,NULL,NULL,NULL,'2025-03-30 14:34:42'),
 (62,NULL,'LFS202425006',1,1,'2025-04-01',NULL,NULL,'Faiyad Abrar','','Sadikul Islam',NULL,'Tanjila Ferdousha Khanam',NULL,'2015-07-21','Kashiyadanga',NULL,'Mahisasthali','Bhagwangola','Murshidabad','742135','West Bengal','8670114544',NULL,'male',NULL,NULL,'Muslim','General','Indian',NULL,NULL,NULL,NULL,NULL,7,1,1,1,NULL,1,1,1,NULL,'studentdb/62_profile.jpeg',NULL,NULL,4,NULL,NULL,NULL,'2025-04-01 15:11:40'),
 (63,NULL,'LFS202122008',1,1,'2025-03-30',NULL,NULL,'Swellehin Alom Mondal','5494 2360 1141','Md Mehebub Alom',NULL,'Sumaiya Khatun',NULL,'2015-03-29','Habaspur Mathpara',NULL,'Habaspur','Bhagwangola','Murshidabad','742135','West Bengal','7384782689',NULL,'male',NULL,NULL,'Muslim','General','Indian',NULL,NULL,NULL,NULL,NULL,7,1,1,1,NULL,1,1,1,NULL,'studentdb/63_profile.jpeg',NULL,NULL,4,NULL,NULL,NULL,'2025-03-30 14:36:52'),
 (64,NULL,'LFS201920069',1,1,'2025-04-04',NULL,NULL,'Ayan Uman','','Md Wasin Reja',NULL,'Tuhina Parvin',NULL,'2015-06-23','Mahisasthali',NULL,'Mahisasthali','Bhagwangola','Murshidabad','742135','West Bengal','8972104504',NULL,'male',NULL,NULL,'Muslim','General','Indian',NULL,NULL,NULL,NULL,NULL,7,1,1,1,NULL,1,1,1,NULL,'studentdb/64_profile.jpeg',NULL,NULL,4,NULL,NULL,NULL,'2025-04-04 13:29:45'),
 (65,NULL,'LFS201920075',1,1,'2025-04-01',NULL,NULL,'Nusrat Alam','','Md Jahangir Alam',NULL,'Akhtara Bibi',NULL,'2015-10-14','Mahisasthali',NULL,'Mahisasthali','Bhagwangola','Murshidabad','742135','West Bengal','9093226997',NULL,'female',NULL,NULL,'Muslim','General','Indian',NULL,NULL,NULL,NULL,NULL,7,1,1,1,NULL,1,1,1,NULL,'studentdb/65_profile.jpeg',NULL,NULL,4,NULL,NULL,NULL,'2025-04-01 15:12:03'),
 (66,NULL,'LFS201920083',1,1,'2025-03-30',NULL,NULL,'Ridwan Hasan','','Sukuruddin',NULL,'UMME KULSUM',NULL,'2015-10-22','Mahisasthali',NULL,'Mahisasthali','Bhagwangola','Murshidabad','742135','West Bengal','8906369403',NULL,'male',NULL,NULL,'Muslim','General','Indian',NULL,NULL,NULL,NULL,NULL,7,1,1,1,NULL,1,1,1,NULL,'studentdb/66_profile.jpeg',NULL,NULL,4,NULL,NULL,NULL,'2025-03-30 14:40:03'),
 (67,NULL,'LFS201920002',1,1,'2025-04-04',NULL,NULL,'Atique Hossain','','Md Ali Hossain',NULL,'Rabia Khatun',NULL,'2014-10-06','Kantanagar',NULL,'Kantanagar','Bhagwangola','Murshidabad','742135','West Bengal','8670015537',NULL,'male',NULL,NULL,'Muslim','General','Indian',NULL,NULL,NULL,NULL,NULL,8,1,1,1,NULL,1,1,1,NULL,'studentdb/67_profile.jpeg',NULL,NULL,4,NULL,NULL,NULL,'2025-04-04 13:15:19'),
 (68,NULL,'LFS201920070',1,1,'2025-03-30',NULL,NULL,'Sayan Hasan','','Mehedi Hasan',NULL,'RUMA YASMIN',NULL,'2015-04-28','Mahisasthali',NULL,'Mahisasthali','Bhagwangola','Murshidabad','742135','West Bengal','6294267877',NULL,'male',NULL,NULL,'Muslim','General','Indian',NULL,NULL,NULL,NULL,NULL,8,1,1,1,NULL,1,1,1,NULL,'studentdb/68_profile.jpeg',NULL,NULL,4,NULL,NULL,NULL,'2025-03-30 14:43:38'),
 (69,NULL,'LFS201920082',1,1,'2025-04-01',NULL,NULL,'Abu Asis Amin','','Abu Nasher Amin',NULL,'ALIYA PARVIN',NULL,'2014-10-05','Kalinagar',NULL,'Bhagwangola','Bhagwangola','Murshidabad','742135','West Bengal','9733455714',NULL,'male',NULL,NULL,'Muslim','General','Indian',NULL,NULL,NULL,NULL,NULL,8,1,1,1,NULL,1,1,1,NULL,'studentdb/69_profile.jpeg',NULL,NULL,4,NULL,NULL,NULL,'2025-04-01 15:13:15'),
 (70,NULL,'LFS202324001',1,1,'2025-04-01',NULL,NULL,'Ayush Sonar','7646 5325 9267','Santosh Sonar',NULL,'Rubi Sonar',NULL,'2013-03-14','Mahesh Narayan Ganj',NULL,'Mahisasthali','Bhagwangola','Murshidabad','742135','West Bengal','9123675157',NULL,'male',NULL,NULL,'Hindu','General','Indian',NULL,NULL,NULL,NULL,NULL,8,1,1,1,NULL,1,1,1,NULL,'studentdb/70_profile.jpeg',NULL,NULL,4,NULL,NULL,NULL,'2025-04-01 15:12:35'),
 (71,NULL,'LFS201920074',1,1,'2025-04-01',NULL,NULL,'Fahad Mobarat','','Golam Murtuza',NULL,'MODINA BIBI',NULL,'2014-09-04','Kalinagar',NULL,'Bhagwangola','Bhagwangola','Murshidabad','742135','West Bengal','9749232425',NULL,'male',NULL,NULL,'Muslim','General','Indian',NULL,NULL,NULL,NULL,NULL,8,1,1,1,NULL,1,1,1,NULL,'studentdb/71_profile.jpeg',NULL,NULL,4,NULL,NULL,NULL,'2025-04-01 15:13:34'),
 (75,NULL,'LFS202425001',1,1,'2025-04-01',NULL,NULL,'Arindam Saha','','SOUMEN SAHA',NULL,'ANUSRI SAHA',NULL,'2020-09-23','Dayanagar',NULL,'Bhagwangola','Bhagwangola','Murshidabad','742135','West Bengal','8926748931',NULL,'male',NULL,NULL,'Hindu','General','Indian',NULL,NULL,NULL,NULL,NULL,2,1,1,1,NULL,1,1,1,NULL,'studentdb/75_profile.jpeg',NULL,NULL,4,NULL,NULL,NULL,'2025-04-01 14:08:41'),
 (76,NULL,'LFS202425004',1,1,'2025-03-31',NULL,NULL,'Anik Ali','','AKBAR ALI',NULL,'SABNAM KHATUN',NULL,'2020-04-06','Maheshnarayanganj',NULL,'Bhagwangola','Bhagwangola','Murshidabad','742135','West Bengal','9153620634',NULL,'male',NULL,NULL,'Muslim','General','Indian',NULL,NULL,NULL,NULL,NULL,2,1,1,1,NULL,1,1,1,NULL,'studentdb/76_profile.jpeg',NULL,NULL,4,NULL,NULL,NULL,'2025-04-01 03:51:35'),
 (77,NULL,'LFS202425003',1,1,'2025-03-31',NULL,NULL,'Anish Islam','','NOOR ISLAM',NULL,'MEHERUNNESHA',NULL,'2020-04-05','Maheshnarayanganj',NULL,'Bhagwangola','Bhagwangola','Murshidabad','742135','W.B','7679404854',NULL,'male',NULL,NULL,'Muslim','General','Indian',NULL,NULL,NULL,NULL,NULL,2,1,1,1,NULL,1,1,1,NULL,'studentdb/77_profile.jpeg',NULL,NULL,4,NULL,NULL,NULL,'2025-04-01 03:53:11'),
 (78,NULL,'LFS202425023',1,1,'2025-03-31',NULL,NULL,'Priyam Poddar','','PROTIM PODDAR',NULL,'DEBIKA GHOSH PODDAR',NULL,'2021-03-28','Maheshnarayanganj',NULL,'Bhagwangola','Bhagwangola','Murshidabad','742135','W.B','8926838770',NULL,'male',NULL,NULL,'Hindu','General','Indian',NULL,NULL,NULL,NULL,NULL,2,1,1,1,NULL,1,1,1,NULL,'studentdb/78_profile.jpeg',NULL,NULL,4,NULL,NULL,NULL,'2025-04-01 03:53:40'),
 (79,NULL,'LFS202425025',1,1,'2025-03-31',NULL,NULL,'Aman Islam','','MD SARIFUL ISLAM',NULL,'RIJIA SULTANA',NULL,'2020-10-12','Sekhpara',NULL,'Bhagwangola','Bhagwangola','Murshidabad','742135','W.B','7602415384',NULL,'male',NULL,NULL,'Muslim','General','Indian',NULL,NULL,NULL,NULL,NULL,2,1,1,1,NULL,1,1,1,NULL,'studentdb/79_profile.jpeg',NULL,NULL,4,NULL,NULL,NULL,'2025-04-01 03:54:06'),
 (80,NULL,'LFS202526040',1,1,'2025-04-22',NULL,NULL,'Abdul Samir','','Abdur Rakib','','Ruma Khatun',NULL,'2019-10-02','Natunpara Kashiyadanga','','Mahisasthali','Bhagwangola','Murshidabad','742135','W.B','8158802274',NULL,'male',NULL,NULL,'Muslim','General','Indian',NULL,NULL,NULL,NULL,NULL,2,2,1,1,NULL,1,1,1,NULL,'studentdb/80_profile.jpeg',NULL,NULL,4,NULL,NULL,NULL,'2025-04-22 09:16:36'),
 (81,NULL,'LFS202526035',1,1,'2025-04-01',NULL,NULL,'Mariyam Khatun','3676 9415 8254','Saddam Sk',NULL,'Meherunnesa Khatun',NULL,'2019-10-13','Altabartala',NULL,'Bhagwangola','Bhagwangola','Murshidabad','742135','W.B','8759176792',NULL,'female',NULL,NULL,'Muslim','General','Indian',NULL,NULL,NULL,NULL,NULL,2,1,1,1,NULL,1,1,1,NULL,'studentdb/81_profile.jpeg',NULL,NULL,4,NULL,NULL,NULL,'2025-04-01 14:11:39'),
 (82,NULL,'LFS202526012',1,1,'2025-04-01',NULL,NULL,'Suhana Aktar','3869 4648 3708','Abdul Sahid',NULL,'Rama Khatun',NULL,'2021-01-14','Kantanagar',NULL,'Bhagwangola','Bhagwangola','Murshidabad','742135','W.B','7305204802',NULL,'female',NULL,NULL,'Muslim','General','Indian',NULL,NULL,NULL,NULL,NULL,2,1,1,1,NULL,1,1,1,NULL,'studentdb/82_profile.jpeg',NULL,NULL,4,NULL,NULL,NULL,'2025-04-01 14:12:14'),
 (83,NULL,'LFS202526034',1,1,'2025-04-01',NULL,NULL,'Nur Nabi','7590 9250 7396','Sariful Sk',NULL,'Nur Mahal',NULL,'2020-09-07','Kupkandhi',NULL,'Bhagwangola','Bhagwangola','Murshidabad','742135','West Bengal','9002109391 ',NULL,'male',NULL,NULL,'Muslim','General','Indian',NULL,NULL,NULL,NULL,NULL,2,1,1,1,NULL,1,1,1,NULL,'studentdb/83_profile.jpeg',NULL,NULL,4,NULL,NULL,NULL,'2025-04-01 14:12:45'),
 (84,NULL,'LFS202526033',1,1,'2025-04-08',NULL,NULL,'Arin KAYES','5637 2493 1035','Imrul Kayes',NULL,'Tarin Akther',NULL,'2021-02-04','N.Para Kashiadanga',NULL,'Mahisasthali','Bhagwangola','Murshidabad','742135','W.B','8101088787',NULL,'female',NULL,NULL,'Muslim','General','Indian',NULL,NULL,NULL,NULL,NULL,2,1,1,1,NULL,1,1,1,NULL,'studentdb/84_profile.jpeg',NULL,NULL,4,NULL,NULL,NULL,'2025-04-08 18:57:07'),
 (85,NULL,'LFS202526032',1,1,'2025-04-08',NULL,NULL,'Tamanna Khatun','','Lalchad Sk',NULL,'Tahida Khatun',NULL,'2020-08-25','N.Para Kashiyadanga',NULL,'Mahisasthali','Bhagwangola','Murshidabad','742135','W.B','7063330027',NULL,'female',NULL,NULL,'Muslim','General','Indian',NULL,NULL,NULL,NULL,NULL,2,1,1,1,NULL,1,1,1,NULL,'studentdb/85_profile.jpeg',NULL,NULL,4,NULL,NULL,NULL,'2025-04-08 18:59:10'),
 (86,NULL,'LFS202526031',1,1,'2025-04-01',NULL,NULL,'Rizwan Sk','2216 6470 6333','Mustakim Sk',NULL,'Rubina Khatun',NULL,'2020-09-22','Kashiyadanga Uttar',NULL,'Mahisasthali','Bhagwangola','Murshidabad','742135','W.B','8597417778',NULL,'male',NULL,NULL,'Muslim','General','Indian',NULL,NULL,NULL,NULL,NULL,2,1,1,1,NULL,1,1,1,NULL,'studentdb/86_profile.jpeg',NULL,NULL,4,NULL,NULL,NULL,'2025-04-01 14:14:30'),
 (87,NULL,'LFS202526030',1,1,'2025-03-30',NULL,NULL,'Jisan Sk','7726 4301 8045','Nurul Islam',NULL,'Late Rina Khatun',NULL,'2020-09-22','Dayanagar',NULL,'Bhagwangola','Bhagwangola','Murshidabad','742135','W.B','7047686270',NULL,'male',NULL,NULL,'Muslim','General','Indian',NULL,NULL,NULL,NULL,NULL,2,1,1,1,NULL,1,1,1,NULL,'studentdb/87_profile.jpeg',NULL,NULL,4,NULL,NULL,NULL,'2025-03-30 15:08:30'),
 (88,NULL,'LFS202526016',1,1,'2025-04-01',NULL,NULL,'Sanbi Sarkar','6490 4492 3832','Kiron Sarkar',NULL,'Salma Khatun',NULL,'2020-07-28','Barsatigola',NULL,'Bhagwangola','Bhagwangola','Murshidabad','742135','W.B','9002935690',NULL,'female',NULL,NULL,'Muslim','General','Indian',NULL,NULL,NULL,NULL,NULL,2,1,1,1,NULL,1,1,1,NULL,'studentdb/88_profile.jpeg',NULL,NULL,4,NULL,NULL,NULL,'2025-04-01 14:14:55'),
 (89,NULL,'LFS202526023',1,1,'2025-04-01',NULL,NULL,'Pratiusha Pal','4353 9068 9788','Pradip Kumar Pal',NULL,'Priya Sarkar',NULL,'2020-10-29','Mohisastholi',NULL,'Bhagwangola','Bhagwangola','Murshidabad','742135','W.B','8906136882',NULL,'female',NULL,NULL,'Hindu','General','Indian',NULL,NULL,NULL,NULL,NULL,2,1,1,1,NULL,1,1,1,NULL,'studentdb/89_profile.jpeg',NULL,NULL,4,NULL,NULL,NULL,'2025-04-01 14:15:28'),
 (90,NULL,'LFS202526024',1,1,'2025-04-08',NULL,NULL,'Salma Jahan','','Ayantani Sk',NULL,'Sabna Khatun',NULL,'2020-07-05','Dakshin HanumantaNagar',NULL,'B.Gola','Bhagwangola','Murshidabad','742135','W.B','9124005054',NULL,'female',NULL,NULL,'Muslim','General','Indian',NULL,NULL,NULL,NULL,NULL,2,1,1,1,NULL,1,1,1,NULL,'studentdb/90_profile.jpeg',NULL,NULL,4,NULL,NULL,NULL,'2025-04-08 19:00:43'),
 (91,NULL,'LFS202526025',1,1,'2025-03-31',NULL,NULL,'Salma Khatun','','MD Abu Sayeed',NULL,'Samima Khatun',NULL,'2021-01-14','Kashiyadanga Uttar',NULL,'Bhagwangola','Bhagwangola','Murshidabad','742135','W.B','9563613210',NULL,'female',NULL,NULL,'Muslim','General','Indian',NULL,NULL,NULL,NULL,NULL,2,1,1,1,NULL,1,1,1,NULL,'studentdb/91_profile.jpeg',NULL,NULL,4,NULL,NULL,NULL,'2025-04-01 03:56:57'),
 (92,NULL,'LFS202526026',1,1,'2025-04-01',NULL,NULL,'Aarika','','Sekender Ali Parbhej',NULL,'Yeasmin Khatun',NULL,'2020-07-27','Kashiyadanga Uttar',NULL,'Mahisasthali','Bhagwangola','Murshidabad','742135','W.B','7029965686',NULL,'female',NULL,NULL,'Muslim','General','Indian',NULL,NULL,NULL,NULL,NULL,2,1,1,1,NULL,1,1,1,NULL,'studentdb/92_profile.jpeg',NULL,NULL,4,NULL,NULL,NULL,'2025-04-01 14:16:27'),
 (93,NULL,'LFS202526027',1,1,'2025-04-08',NULL,NULL,'Shayed Ansari','6572 0382 8172','Ramiz Raja',NULL,'Shyamali Khatun',NULL,'2020-09-29','N.Para Kashiyadanga',NULL,'Mahisasthali','Bhagwangola','Murshidabad','742135','W.B','9432171452',NULL,'male',NULL,NULL,'Muslim','General','Indian',NULL,NULL,NULL,NULL,NULL,2,2,1,1,NULL,1,1,1,NULL,'studentdb/93_profile.jpeg',NULL,NULL,4,NULL,NULL,NULL,'2025-04-08 19:08:08'),
 (94,NULL,'LFS202526028',1,1,'2025-04-22',NULL,NULL,'Rafida Hasan','6660 5608 1372','Hasan Ali',NULL,'Rakiba Khatun',NULL,'2020-02-20','Hanumantanagar',NULL,'Bhagwangola','Bhagwangola','Murshidabad','742135','West Bengal','8016875116',NULL,'female',NULL,NULL,'Muslim','General','Indian',NULL,NULL,NULL,NULL,NULL,2,2,1,1,NULL,1,1,1,NULL,'studentdb/94_profile.jpeg',NULL,NULL,4,NULL,NULL,NULL,'2025-04-22 09:07:15'),
 (95,NULL,'LFS202526029',1,1,'2025-04-01',NULL,NULL,'Ayat Zamya','4603 7748 9484','MD Moin Islam',NULL,'Rajibunnesha Khatun',NULL,'2021-05-18','Darakandhi',NULL,'Bhagwangola','Bhagwangola','Murshidabad','742135','W.B','6297005859',NULL,'female',NULL,NULL,'Muslim','General','Indian',NULL,NULL,NULL,NULL,NULL,2,2,1,1,NULL,1,1,1,NULL,'studentdb/95_profile.jpeg',NULL,NULL,4,NULL,NULL,NULL,'2025-04-01 14:17:46'),
 (96,NULL,'LFS202526015',1,1,'2025-04-04',NULL,NULL,'Arif Sk','3978 2415 1344','Samirul Sk',NULL,'Tahamina Bibi',NULL,'2018-03-13','Kashipur Naharpara',NULL,'Mahisasthali','Bhagwangola','Murshidabad','742135','West Bengal','9933165420',NULL,'male',NULL,NULL,'Muslim','General','Indian',NULL,NULL,NULL,NULL,NULL,2,2,1,1,NULL,1,1,1,NULL,'studentdb/96_profile.jpeg',NULL,NULL,4,NULL,NULL,NULL,'2025-04-04 12:44:18'),
 (97,NULL,'LFS202526022',1,1,'2025-03-30',NULL,NULL,'Simran','7619 2019 7174','Sarikul',NULL,'Mousumi Khatun',NULL,'2020-05-16','Dayanagar',NULL,'Bhagwangola','Bhagwangola','Murshidabad','742135','West Bengal','9933596018',NULL,'female',NULL,NULL,'Muslim','General','Indian',NULL,NULL,NULL,NULL,NULL,2,2,1,1,NULL,1,1,1,NULL,'studentdb/97_profile.jpeg',NULL,NULL,4,NULL,NULL,NULL,'2025-03-30 15:16:01'),
 (98,NULL,'LFS202526021',1,1,'2025-04-04',NULL,NULL,'Mahir Faisal','5088 8140 0772','Jiarul Hoque',NULL,'Mamotaz Begam',NULL,'2020-10-10','Kalinagar',NULL,'Bhagwangola','Bhagwangola','Murshidabad','742135','W.B','8159043890',NULL,'male',NULL,NULL,'Muslim','General','Indian',NULL,NULL,NULL,NULL,NULL,2,2,1,1,NULL,1,1,1,NULL,'studentdb/98_profile.jpeg',NULL,NULL,4,NULL,NULL,NULL,'2025-04-04 12:39:18'),
 (99,NULL,'LFS202526014',1,1,'2025-04-04',NULL,NULL,'Naznin Fatema','','Mizanul Islam',NULL,'Nurjema Khatun',NULL,'2021-01-11','Kashiyadanga',NULL,'Mahisasthali','Bhagwangola','Murshidabad','742135','West Bengal','8597211908',NULL,'female',NULL,NULL,'Muslim','General','Indian',NULL,NULL,NULL,NULL,NULL,2,2,1,1,NULL,1,1,1,NULL,'studentdb/99_profile.jpeg',NULL,NULL,4,NULL,NULL,NULL,'2025-04-04 12:41:38'),
 (100,NULL,'LFS202526043',1,1,'2025-03-30',NULL,NULL,'RAFID MEHEFUZ','','ABDUR ROUF',NULL,'SOBNAM MOSTARI',NULL,'2020-08-15','Kashiyadanga Uttar',NULL,'Mahisasthali','Bhagwangola','Murshidabad','742135','West Bengal','9775007525',NULL,'male',NULL,NULL,'Muslim','General','Indian',NULL,NULL,NULL,NULL,NULL,2,2,1,1,NULL,1,1,1,NULL,'studentdb/100_profile.jpeg',NULL,NULL,4,NULL,NULL,NULL,'2025-03-30 15:18:08'),
 (101,NULL,'LFS202526020',1,1,'2025-03-30',NULL,NULL,'Rahi Pal','8305 7005 8501','Rintu Pal',NULL,'Pali Singha',NULL,'2020-10-22','Mohisastholi',NULL,'Mahisasthali','Bhagwangola','Murshidabad','742135','W.B','9641878454',NULL,'female',NULL,NULL,'Hindu','General','Indian',NULL,NULL,NULL,NULL,NULL,2,2,1,1,NULL,1,1,1,NULL,'studentdb/101_profile.jpeg',NULL,NULL,4,NULL,NULL,NULL,'2025-03-30 15:19:19'),
 (102,NULL,'LFS202526017',1,1,'2025-04-01',NULL,NULL,'Ayaan Roushan','','Rakesh Roushan',NULL,'Runa Khatun',NULL,'2019-06-25','Mahesh Narayanganj',NULL,'Bhagwangola','Bhagwangola','Murshidabad','742135','West Bengal','7908385381',NULL,'male',NULL,NULL,'Muslim','General','Indian',NULL,NULL,NULL,NULL,NULL,2,2,1,1,NULL,1,1,1,NULL,'studentdb/102_profile.jpeg',NULL,NULL,4,NULL,NULL,NULL,'2025-04-01 14:19:39'),
 (103,NULL,'LFS202526039',1,1,'2025-03-30',NULL,NULL,'Sayed Tashfeen Imad','','Sayed Abdul Hadi',NULL,'Lucky Khatun',NULL,'2020-08-17','Dayanagar',NULL,'Bhagwangola','Bhagwangola','Murshidabad',NULL,'W.B','00000000',NULL,'male',NULL,NULL,'Muslim','General','Indian',NULL,NULL,NULL,NULL,NULL,2,2,1,1,NULL,1,1,1,NULL,'studentdb/103_profile.jpeg',NULL,NULL,4,NULL,NULL,NULL,'2025-03-30 16:10:49'),
 (104,NULL,'LFS202526019',1,1,'2025-04-01',NULL,NULL,'Ankit Mandal','2256 0051 0029','Pratap Kumar Mandal',NULL,'Chandana Mandal',NULL,'2020-10-16','Chak Bhojraj',NULL,'Krishnapur Dinurpara','Lalgola','Murshidabad','742148','W.B','9775768842',NULL,'male',NULL,NULL,'Hindu','General','Indian',NULL,NULL,NULL,NULL,NULL,2,2,1,1,NULL,1,1,1,NULL,'studentdb/104_profile.jpeg',NULL,NULL,4,NULL,NULL,NULL,'2025-04-01 14:20:16'),
 (105,NULL,'LFS202526018',1,1,'2025-04-22',NULL,NULL,'Humaira Yeasmin','7487 4647 9404','Sariful Islam',NULL,'Sabina Yeasmin',NULL,'2020-06-28','Barsatigola',NULL,'Bhagwangola','Bhagwangola','Murshidabad','742135','W.B','9002318556',NULL,'female',NULL,NULL,'Muslim','General','Indian',NULL,NULL,NULL,NULL,NULL,2,2,1,1,NULL,1,1,1,NULL,'studentdb/105_profile.jpeg',NULL,NULL,4,NULL,NULL,NULL,'2025-04-22 09:05:07'),
 (106,NULL,'LFS202526013',1,1,'2025-04-08',NULL,NULL,'Junaid Islam','3484 1459 2135','Sariful Islam',NULL,'Beauty Khatun',NULL,'2020-12-19','N.Para Kashiyadanga',NULL,'Bhagwangola','Bhagwangola','Murshidabad','742135','West Bengal','9932175029',NULL,'male',NULL,NULL,'Muslim','General','Indian',NULL,NULL,NULL,NULL,NULL,2,2,1,1,NULL,1,1,1,NULL,'studentdb/106_profile.jpeg',NULL,NULL,4,NULL,NULL,NULL,'2025-04-08 19:08:52'),
 (107,NULL,'LFS202526037',1,1,'2025-03-30',NULL,NULL,'Riyaz Sk','','Dolon Sk',NULL,'Sikha Khatun',NULL,'2020-02-16','Mahesh Narayan Ganj',NULL,'Bhagwangola','Bhagwangola','Murshidabad','742135','W.B','6296198189',NULL,'male',NULL,NULL,'Muslim','General','Indian',NULL,NULL,NULL,NULL,NULL,2,2,1,1,NULL,1,1,1,NULL,'studentdb/107_profile.jpeg',NULL,NULL,4,NULL,NULL,NULL,'2025-03-30 16:12:07'),
 (108,NULL,'LFS202526042',1,1,'2025-03-31',NULL,NULL,'Afiya Arshin','','Abu Hena',NULL,'Rousanara Khatun',NULL,'2021-03-04','Barsatigola',NULL,'Mahisasthali','Bhagwangola','Murshidabad','742135','W.B','9153840282',NULL,'female',NULL,NULL,'Muslim','General','Indian',NULL,NULL,NULL,NULL,NULL,2,2,1,1,NULL,1,1,1,NULL,'studentdb/108_profile.jpeg',NULL,NULL,4,NULL,NULL,NULL,'2025-04-01 03:58:40'),
 (109,NULL,'LFS202526038',1,1,'2025-03-30',NULL,NULL,'FARIHA ISLAM','','SARIFUL ISLAM',NULL,'SAHINA KHATUN',NULL,'2021-03-10','Dayanagar',NULL,'Bhagwangola','Bhagwangola','Murshidabad','742135','West Bengal','8536823438',NULL,'female',NULL,NULL,'Muslim','General','Indian',NULL,NULL,NULL,NULL,NULL,2,2,1,1,NULL,1,1,1,NULL,'studentdb/109_profile.jpeg',NULL,NULL,4,NULL,NULL,NULL,'2025-03-30 15:22:20'),
 (110,NULL,'LFS202324021',1,1,'2025-04-01',NULL,NULL,'Nazmin Sultana','','Nazir Ahmed',NULL,'Tahamina Khatun',NULL,'2018-07-12','Dayanagar',NULL,'Bhagwangola','Bhagwangola','Murshidabad','742135','W.B','9932827156',NULL,'female',NULL,NULL,'Muslim','General','Indian',NULL,NULL,NULL,NULL,NULL,4,1,1,1,NULL,1,1,1,NULL,'studentdb/110_profile.jpeg',NULL,NULL,4,NULL,NULL,NULL,'2025-04-01 14:37:29'),
 (111,NULL,'LFS202324031',1,1,'2025-03-30',NULL,NULL,'Md Nur Alom','3036 7572 7189','MD Saifullah',NULL,'Sabnur Khatun',NULL,'2018-12-22','Darakandhi',NULL,'Bhagwangola','Bhagwangola','Murshidabad','742135','W.B','9851317248',NULL,'male',NULL,NULL,'Muslim','General','Indian',NULL,NULL,NULL,NULL,NULL,4,1,1,1,NULL,1,1,1,NULL,'studentdb/111_profile.jpeg',NULL,NULL,4,NULL,NULL,NULL,'2025-03-30 16:14:49'),
 (112,NULL,'LFS202324026',1,1,'2025-04-01',NULL,NULL,'Ayan Islam','','Sariful Islam',NULL,'Shikha Khatun',NULL,'2018-03-15','Hanumantanagar',NULL,'Bhagwangola','Bhagwangola','Murshidabad','742135','W.B','7583945418',NULL,'male',NULL,NULL,'Muslim','General','Indian',NULL,NULL,NULL,NULL,NULL,4,1,1,1,NULL,1,1,1,NULL,'studentdb/112_profile.jpeg',NULL,NULL,4,NULL,NULL,NULL,'2025-04-01 14:38:07'),
 (113,NULL,'LFS202324055',1,1,'2025-04-01',NULL,NULL,'Dishad Ahamed','3162 3452 8551','Hasibul Islam',NULL,'Behula Bibi',NULL,'2018-11-15','Kupkandhi',NULL,'Kantanagar','Bhagwangola','Murshidabad','742135','W.B','9679050257',NULL,'male',NULL,NULL,'Muslim','General','Indian',NULL,NULL,NULL,NULL,NULL,4,1,1,1,NULL,1,1,1,NULL,'studentdb/113_profile.jpeg',NULL,NULL,4,NULL,NULL,NULL,'2025-04-01 14:38:40'),
 (114,NULL,'LFS202324028',1,1,'2025-04-01',NULL,NULL,'Ankita Mandal','8740 6747 4420','Pradip Mandal',NULL,'Shefali Mandal',NULL,'2018-09-26','Kantanagar',NULL,'Kantanagar','Bhagwangola','Murshidabad','742135','W.B','9800490120',NULL,'female',NULL,NULL,'Hindu','General','Indian',NULL,NULL,NULL,NULL,NULL,4,1,1,1,NULL,1,1,1,NULL,'studentdb/114_profile.jpeg',NULL,NULL,4,NULL,NULL,NULL,'2025-04-01 14:42:16'),
 (115,NULL,'LFS202324035',1,1,'2025-04-01',NULL,NULL,'Fariya Khanam','','Mitun Sk',NULL,'Mastura Khatun',NULL,'2017-10-28','Jalibagicha',NULL,'Mahisasthali','Bhagwangola','Murshidabad','742135','W.B','8918968183',NULL,'female',NULL,NULL,'Muslim','General','Indian',NULL,NULL,NULL,NULL,NULL,4,1,1,1,NULL,1,1,1,NULL,'studentdb/115_profile.jpeg',NULL,NULL,4,NULL,NULL,NULL,'2025-04-01 14:39:26'),
 (116,NULL,'LFS202324042',1,1,'2025-04-01',NULL,NULL,'Minhaj Seakh','','Mursalim Sk',NULL,'Masenur Bibi',NULL,'2018-05-14','Kalinagar',NULL,'Kantanagar','Bhagwangola','Murshidabad','742135','W.B','7029659155',NULL,'male',NULL,NULL,'Muslim','General','Indian',NULL,NULL,NULL,NULL,NULL,4,1,1,1,NULL,1,1,1,NULL,'studentdb/116_profile.jpeg',NULL,NULL,4,NULL,NULL,NULL,'2025-04-01 14:39:49'),
 (117,NULL,'LFS202324027',1,1,'2025-04-08',NULL,NULL,'Jasika Sabnam','','Harejul Sk',NULL,'Afika Khatun',NULL,'2018-07-19','N.Para Kashiyadanga',NULL,'Mahisasthali','Bhagwangola','Murshidabad','742135','W.B','7074155153',NULL,'female',NULL,NULL,'Muslim','General','Indian',NULL,NULL,NULL,NULL,NULL,4,1,1,1,NULL,1,1,1,NULL,'studentdb/117_profile.jpeg',NULL,NULL,4,NULL,NULL,NULL,'2025-04-08 19:54:31'),
 (118,NULL,'LFS202324037',1,1,'2025-04-01',NULL,NULL,'AL Toush Abir Ali','3350 2515 3504','MD Sabir Ali',NULL,'Tripti Katun',NULL,'2018-10-21','Kupkandhi',NULL,'Bhagwangola','Bhagwangola','Murshidabad','742135','W.B','9382155223',NULL,'male',NULL,NULL,'Muslim','General','Indian',NULL,NULL,NULL,NULL,NULL,4,1,1,1,NULL,1,1,1,NULL,'studentdb/118_profile.jpeg',NULL,NULL,4,NULL,NULL,NULL,'2025-04-01 14:42:59'),
 (119,NULL,'LFS202324034',1,1,'2025-04-01',NULL,NULL,'Ayan Sk','4234 8220 0697','Sofik Sk',NULL,'Jhuma Bibi',NULL,'2018-11-24','Kashiadanga',NULL,'Mahisasthali','Bhagwangola','Murshidabad','742135','W.B','8116708595',NULL,'male',NULL,NULL,'Muslim','General','Indian',NULL,NULL,NULL,NULL,NULL,4,1,1,1,NULL,1,1,1,NULL,'studentdb/119_profile.jpeg',NULL,NULL,4,NULL,NULL,NULL,'2025-04-01 14:43:27'),
 (120,NULL,'LFS202425008',1,1,'2025-04-08',NULL,NULL,'Jamela Khatun','','Kousar Ali',NULL,'Sabana Khatun',NULL,'2019-01-03','N,Para Kashiyadanga',NULL,'Mahisasthali','Bhagwangola','Murshidabad',NULL,'West Bengal','7001390723',NULL,'female',NULL,NULL,'Muslim','General','Indian',NULL,NULL,NULL,NULL,NULL,4,1,1,1,NULL,1,1,1,NULL,'studentdb/120_profile.jpeg',NULL,NULL,4,NULL,NULL,NULL,'2025-04-08 19:54:02'),
 (121,NULL,'LFS202324044',1,1,'2025-04-04',NULL,NULL,'Zain Ikbal','','Towsif Ikbal',NULL,'Mehen Negar Khatun',NULL,'2018-12-17','Barsatigola',NULL,'Mahisasthali','Bhagwangola','Murshidabad','742135','West Bengal','8906317778',NULL,'male',NULL,NULL,'Muslim','General','Indian',NULL,NULL,NULL,NULL,NULL,4,1,1,1,NULL,1,1,1,NULL,'studentdb/121_profile.jpeg',NULL,NULL,4,NULL,NULL,NULL,'2025-04-04 13:09:57'),
 (122,NULL,'LFS202223023',1,1,'2025-03-30',NULL,NULL,'Ayanur Rahaman','','Hasibur Rahaman',NULL,'Baby Sahanaj',NULL,'2018-06-21','Dayanagar',NULL,'Mahisasthali','Bhagwangola','Murshidabad','742135','W.B','9002583759',NULL,'male',NULL,NULL,'Muslim','General','Indian',NULL,NULL,NULL,NULL,NULL,4,1,1,1,NULL,1,1,1,NULL,'studentdb/122_profile.jpeg',NULL,NULL,4,NULL,NULL,NULL,'2025-03-30 16:19:17'),
 (123,NULL,'LFS202324048',1,1,'2025-04-01',NULL,NULL,'Saib Aktar','','Mustofa Sk',NULL,'Habiba Bibi',NULL,'2018-06-10','Ramnapara',NULL,'Mahisasthali','Bhagwangola','Murshidabad','742135','W.B','7384255801',NULL,'male',NULL,NULL,'Muslim','General','Indian',NULL,NULL,NULL,NULL,NULL,4,1,1,1,NULL,1,1,1,NULL,'studentdb/123_profile.jpeg',NULL,NULL,4,NULL,NULL,NULL,'2025-04-01 14:56:00'),
 (124,NULL,'LFS202526057',1,1,'2025-03-30',NULL,NULL,'Nourin Anjum','','Md Altaf Hossain',NULL,'Nazma Parvin',NULL,'2018-09-22','Hanumantanagar',NULL,'Bhagwangola','Bhagwangola','Murshidabad','742135','W.B','8942027508',NULL,'female',NULL,NULL,'Muslim','General','Indian',NULL,NULL,NULL,NULL,NULL,4,1,1,1,NULL,1,1,1,NULL,'studentdb/124_profile.jpeg',NULL,NULL,4,NULL,NULL,NULL,'2025-03-30 16:21:32'),
 (125,NULL,'LFS202526055',1,1,'2025-03-30',NULL,NULL,'Yousof Sekh','','Jiarul Rahaman',NULL,'Sadika Bibi',NULL,'2018-05-02','Kasiadanga',NULL,'Mahisasthali','Bhagwangola','Murshidabad','742135','W.B','8670010701',NULL,'male',NULL,NULL,'Muslim','General','Indian',NULL,NULL,NULL,NULL,NULL,4,1,1,1,NULL,1,1,1,NULL,'studentdb/125_profile.jpeg',NULL,NULL,4,NULL,NULL,NULL,'2025-03-30 16:21:56'),
 (126,NULL,'LFS202526058',1,1,'2025-03-30',NULL,NULL,'Mim Mahammad','','Rajesh Sk',NULL,'Tumpa Bibi',NULL,'2018-07-09','Kasiadanga',NULL,'Mahisasthali','Bhagwangola','Murshidabad','742135','W.B','8597245267',NULL,'male',NULL,NULL,'Muslim','General','Indian',NULL,NULL,NULL,NULL,NULL,4,1,1,1,NULL,1,1,1,NULL,'studentdb/126_profile.jpeg',NULL,NULL,4,NULL,NULL,NULL,'2025-03-30 16:22:20'),
 (127,NULL,'LFS202526059',1,1,'2025-04-04',NULL,NULL,'SAMIM SEKH','','RAJESH SK',NULL,'TUMPA BIBI',NULL,'2018-07-09','Kasiadanga',NULL,'Mahisasthali','Bhagwangola','Murshidabad','742135','W.B','8597245267',NULL,'male',NULL,NULL,'Muslim','General','Indian',NULL,NULL,NULL,NULL,NULL,4,1,1,1,NULL,1,1,1,NULL,'studentdb/127_profile.jpeg',NULL,NULL,4,NULL,NULL,NULL,'2025-04-04 13:12:23'),
 (128,NULL,'LFS202526056',1,1,'2025-04-04',NULL,NULL,'HASNAHENA KHATUN','','HAKIM SK',NULL,'MOYNA BIBI',NULL,'2017-10-30','Charabangola',NULL,'Hanumantanagar','Bhagwangola','Murshidabad','742135','W.B','6296040421',NULL,'female',NULL,NULL,'Muslim','General','Indian',NULL,NULL,NULL,NULL,NULL,4,1,1,1,NULL,1,1,1,NULL,'studentdb/128_profile.jpeg',NULL,NULL,4,NULL,NULL,NULL,'2025-04-04 13:14:04'),
 (129,NULL,'LFS202324010',1,1,'2025-03-30',NULL,NULL,'SARFARAZ KARIM','','MASUM KARIM',NULL,'TAKDIRA KHATUN',NULL,'2017-06-12','Dayanagar',NULL,'Mahisasthali','Bhagwangola','Murshidabad','742135','W.B','9932008510',NULL,'male',NULL,NULL,'Muslim','General','Indian',NULL,NULL,NULL,NULL,NULL,4,1,1,1,NULL,1,1,1,NULL,'studentdb/129_profile.jpeg',NULL,NULL,4,NULL,NULL,NULL,'2025-03-30 16:23:15'),
 (130,NULL,'LFS202324052',1,1,'2025-03-30',NULL,NULL,'Ankush Mandal','','Pratik Mondal',NULL,'Dipali Mandal',NULL,'2018-10-28','Kantanagar',NULL,'Bhagwangola','Bhagwangola','Murshidabad','742135','W.B','6297318481',NULL,'male',NULL,NULL,'Hindu','General','Indian',NULL,NULL,NULL,NULL,NULL,4,1,1,1,NULL,1,1,1,NULL,'studentdb/130_profile.jpeg',NULL,NULL,4,NULL,NULL,NULL,'2025-03-30 16:23:43'),
 (131,NULL,'LFS202425012',1,1,'2025-03-30',NULL,NULL,'Sadiya Islam','','Sariful Islam',NULL,'Nasrin Sultana',NULL,'2019-08-02','Dayanagar',NULL,'Bhagwangola','Bhagwangola','Murshidabad','742135','W.B','8158066697',NULL,'female',NULL,NULL,'Muslim','General','Indian',NULL,NULL,NULL,NULL,NULL,3,1,1,1,NULL,1,1,1,NULL,'studentdb/131_profile.jpeg',NULL,NULL,4,NULL,NULL,NULL,'2025-03-30 15:23:08'),
 (132,NULL,'LFS202425060',1,1,'2025-03-31',NULL,NULL,'Arnab Roy','','Ashim Roy',NULL,'Barnali Bahalia',NULL,'2019-03-28','Mohisastholi',NULL,'Mahisasthali','Bhagwangola','Murshidabad','742135','W.B','8016336728',NULL,'male',NULL,NULL,'Hindu','General','Indian',NULL,NULL,NULL,NULL,NULL,3,1,1,1,NULL,1,1,1,NULL,'studentdb/132_profile.jpeg',NULL,NULL,4,NULL,NULL,NULL,'2025-04-01 03:00:54'),
 (133,NULL,'LFS202324003',1,1,'2025-03-31',NULL,NULL,'Karim Sk','','Kamrul Sk',NULL,'ROKIA KHATUN',NULL,'0000-00-00','Mohisastholi',NULL,'Mahisasthali','Bhagwangola','Murshidabad','742135','W.B','7318844661',NULL,'male',NULL,NULL,'Muslim','General','Indian',NULL,NULL,NULL,NULL,NULL,3,1,1,1,NULL,1,1,1,NULL,'studentdb/133_profile.jpeg',NULL,NULL,4,NULL,NULL,NULL,'2025-04-01 03:01:28'),
 (134,NULL,'LFS202425031',1,1,'2025-04-01',NULL,NULL,'Maisha Bepary','','Manik Bepary',NULL,'Dola Bepary',NULL,'2019-11-24','Kalukhali',NULL,'Mahisasthali','Bhagwangola','Murshidabad','742135','W.B','6291196701',NULL,'female',NULL,NULL,'Hindu','General','Indian',NULL,NULL,NULL,NULL,NULL,3,1,1,1,NULL,1,1,1,NULL,'studentdb/134_profile.jpeg',NULL,NULL,4,NULL,NULL,NULL,'2025-04-01 14:23:43'),
 (135,NULL,'LFS202526033',1,1,'2025-04-01',NULL,NULL,'Fariha Khatun','','Chand Mohammad',NULL,'Fatema Khatun',NULL,'2019-07-25','Kupkandhi',NULL,'Kantanagar','Bhagwangola','Murshidabad','742135','West Bengal','7384036660',NULL,'female',NULL,NULL,'Muslim','General','Indian',NULL,NULL,NULL,NULL,NULL,3,1,1,1,NULL,1,1,1,NULL,'studentdb/135_profile.jpeg',NULL,NULL,4,NULL,NULL,NULL,'2025-04-01 14:24:09'),
 (136,NULL,'LFS202425022',1,1,'2025-03-31',NULL,NULL,'Iyan Ali','','Imran Ali',NULL,'Salema Sultana',NULL,'2019-10-27','Mohisastholi',NULL,'Mahisasthali','Bhagwangola','Murshidabad','742135','W.B','8345051648',NULL,'male',NULL,NULL,'Muslim','General','Indian',NULL,NULL,NULL,NULL,NULL,3,1,1,1,NULL,1,1,1,NULL,'studentdb/136_profile.jpeg',NULL,NULL,4,NULL,NULL,NULL,'2025-04-01 03:03:06'),
 (137,NULL,'LFS202425021',1,1,'2025-04-01',NULL,NULL,'Muskan Khatun','8134 8602 6618','Manowar Hossain',NULL,'Sumita Khatun',NULL,'2019-09-12','Debipur',NULL,'Kantanagar','Bhagwangola','Murshidabad','742135','W.B','8167057767',NULL,'female',NULL,NULL,'Muslim','General','Indian',NULL,NULL,NULL,NULL,NULL,3,1,1,1,NULL,1,1,1,NULL,'studentdb/137_profile.jpeg',NULL,NULL,4,NULL,NULL,NULL,'2025-04-01 14:24:35'),
 (138,NULL,'LFS202425030',1,1,'2025-04-01',NULL,NULL,'Abdul Rahaman','','Abu Salam',NULL,'Samima Bibi',NULL,'2018-10-22','Kupkandhi',NULL,'Benipur','Bhagwangola','Murshidabad','742135','W.B','8101372057',NULL,'male',NULL,NULL,'Muslim','General','Indian',NULL,NULL,NULL,NULL,NULL,3,1,1,1,NULL,1,1,1,NULL,'studentdb/138_profile.jpeg',NULL,NULL,4,NULL,NULL,NULL,'2025-04-01 14:24:54'),
 (139,NULL,'LFS202425032',1,1,'2025-04-01',NULL,NULL,'Aradhya Mondal','','Rajesh Mondal',NULL,'Shraboni Pramanik Mondal',NULL,'2019-07-16','Chak Bhojraj',NULL,'Lalgola','Lalgola','Murshidabad','742148','W.B','9732390480',NULL,'female',NULL,NULL,'Hindu','General','Indian',NULL,NULL,NULL,NULL,NULL,3,1,1,1,NULL,1,1,1,NULL,'studentdb/139_profile.jpeg',NULL,NULL,4,NULL,NULL,NULL,'2025-04-01 14:25:22'),
 (140,NULL,'LFS202425032',1,1,'2025-04-08',NULL,NULL,'Tanvir Islam','4609 7981 0229','Somenul Islam',NULL,'Samima Khatun',NULL,'2019-07-03','N.Para Kashiyadanga',NULL,'Mahisasthali','Bhagwangola','Murshidabad','742135','W.B','7699837162',NULL,'male',NULL,NULL,'Muslim','General','Indian',NULL,NULL,NULL,NULL,NULL,3,1,1,1,NULL,1,1,1,NULL,'studentdb/140_profile.jpeg',NULL,NULL,4,NULL,NULL,NULL,'2025-04-08 19:02:33'),
 (141,NULL,'LFS202425011',1,1,'2025-04-08',NULL,NULL,'Ayan Hossain','','Alamgir Hossain',NULL,'Bauti Khatun',NULL,'2019-08-02','N.Para Kashiyadanga',NULL,'Mahisasthali','Bhagwangola','Murshidabad','742135','West Bengal','7699944214',NULL,'male',NULL,NULL,'Muslim','General','Indian',NULL,NULL,NULL,NULL,NULL,3,1,1,1,NULL,1,1,1,NULL,'studentdb/141_profile.jpeg',NULL,NULL,4,NULL,NULL,NULL,'2025-04-08 19:03:05'),
 (142,NULL,'LFS202425018',1,1,'2025-03-31',NULL,NULL,'Md Farhan Ali Khan','','Ishmail Sk',NULL,'MURSHIDA BIBI',NULL,'2019-04-11','Mohisastholi',NULL,'Mahisasthali','Bhagwangola','Murshidabad','742135','W.B','9907156923',NULL,'male',NULL,NULL,'Muslim','General','Indian',NULL,NULL,NULL,NULL,NULL,3,1,1,1,NULL,1,1,1,NULL,'studentdb/142_profile.jpeg',NULL,NULL,4,NULL,NULL,NULL,'2025-04-01 03:05:14'),
 (143,NULL,'LFS202425013',1,1,'2025-04-01',NULL,NULL,'Sarfaraz Sk','','Md Selim Sekh',NULL,'RABIA KHATUN',NULL,'2019-08-03','Mohisastholi',NULL,'Mahisasthali','Bhagwangola','Murshidabad','742135','W.B','8972582624',NULL,'male',NULL,NULL,'Muslim','General','Indian',NULL,NULL,NULL,NULL,NULL,3,1,1,1,NULL,1,1,1,NULL,'studentdb/143_profile.jpeg',NULL,NULL,4,NULL,NULL,NULL,'2025-04-01 14:28:29'),
 (144,NULL,'LFS202425016',1,1,'2025-03-31',NULL,NULL,'Sonal Aktar','','Fazle Rabbi',NULL,'SOMA BIBI',NULL,'2019-02-05','Mohisastholi',NULL,'Mahisasthali','Bhagwangola','Murshidabad','742135','W.B','9932886353',NULL,'female',NULL,NULL,'Muslim','General','Indian',NULL,NULL,NULL,NULL,NULL,3,1,1,1,NULL,1,1,1,NULL,'studentdb/144_profile.jpeg',NULL,NULL,4,NULL,NULL,NULL,'2025-04-01 03:06:12'),
 (145,NULL,'LFS202324012',1,1,'2025-03-30',NULL,NULL,'Sohan Ali','','Ersad Ali',NULL,'SATHI KHATUN',NULL,'2019-05-30','Mahisasthali',NULL,'Mahisasthali','Bhagwangola','Murshidabad','742135','West Bengal','9635809434',NULL,'male',NULL,NULL,'Muslim','General','Indian',NULL,NULL,NULL,NULL,NULL,3,1,1,1,NULL,1,1,1,NULL,'studentdb/145_profile.jpeg',NULL,NULL,4,NULL,NULL,NULL,'2025-03-30 15:27:44'),
 (146,NULL,'LFS202425024',1,1,'2025-04-01',NULL,NULL,'Khurshid Islam','','Sariful Islam',NULL,'Khadija Khatun',NULL,'2020-05-13','Mohisastholi',NULL,'Mahisasthali','Bhagwangola','Murshidabad','742135','W.B','9933850756',NULL,'male',NULL,NULL,'Muslim','General','Indian',NULL,NULL,NULL,NULL,NULL,3,1,1,1,NULL,1,1,1,NULL,'studentdb/146_profile.jpeg',NULL,NULL,4,NULL,NULL,NULL,'2025-04-01 14:28:57'),
 (147,NULL,'LFS202324036',1,1,'2025-04-08',NULL,NULL,'Farhad Seikh','3750 9632 9354','Ripon Sk',NULL,'Alpana Khatun',NULL,'2019-05-16','Char Safihazipara',NULL,'Hanumanta Nagar','Bhagwangola','Murshidabad','742135','W.B','7584923090',NULL,'male',NULL,NULL,'Muslim','General','Indian',NULL,NULL,NULL,NULL,NULL,3,1,1,1,NULL,1,1,1,NULL,'studentdb/147_profile.jpeg',NULL,NULL,4,NULL,NULL,NULL,'2025-04-08 19:03:58'),
 (148,NULL,'LFS202425028',1,1,'2025-04-04',NULL,NULL,'Inayat Hossain','','Sher Shah Ali',NULL,'Sabina Khatun',NULL,'2019-02-05','Mahisasthali',NULL,'Mahisasthali','Bhagwangola','Murshidabad',NULL,'West Bengal','9733744282',NULL,'male',NULL,NULL,'Muslim','General','Indian',NULL,NULL,NULL,NULL,NULL,3,1,1,1,NULL,1,1,1,NULL,'studentdb/148_profile.jpeg',NULL,NULL,4,NULL,NULL,NULL,'2025-04-04 13:11:17'),
 (149,NULL,'LFS202425020',1,1,'2025-04-01',NULL,NULL,'Rayan Shaikh','8776 5119 6785','Rasel Shaikh',NULL,'Mujima Khatun',NULL,'2019-08-20','Debipur',NULL,'Kantanagar','Bhagwangola','Murshidabad','742135','W.B','9932838933',NULL,'male',NULL,NULL,'Muslim','General','Indian',NULL,NULL,NULL,NULL,NULL,3,1,1,1,NULL,1,1,1,NULL,'studentdb/149_profile.jpeg',NULL,NULL,4,NULL,NULL,NULL,'2025-04-01 14:33:22'),
 (150,NULL,'LFS202425010',1,1,'2025-04-01',NULL,NULL,'Romin Sk','','Rajib Sk',NULL,'Rimpa Khatun',NULL,'2019-10-19','Kashiyadanga',NULL,'Mahisasthali','Bhagwangola','Murshidabad','742135','West Bengal','6294872609',NULL,'male',NULL,NULL,'Muslim','General','Indian',NULL,NULL,NULL,NULL,NULL,3,1,1,1,NULL,1,1,1,NULL,'studentdb/150_profile.jpeg',NULL,NULL,4,NULL,NULL,NULL,'2025-04-01 14:33:49'),
 (151,NULL,'LFS202425017',1,1,'2025-03-30',NULL,NULL,'Yasin Alom','','Mehebub Alom',NULL,'JOTY KHATUN',NULL,'2019-02-17','Mahisasthali',NULL,'Mahisasthali','Bhagwangola','Murshidabad','742135','West Bengal','9002135696',NULL,'male',NULL,NULL,'Muslim','General','Indian',NULL,NULL,NULL,NULL,NULL,3,1,1,1,NULL,1,1,1,NULL,'studentdb/151_profile.jpeg',NULL,NULL,4,NULL,NULL,NULL,'2025-03-30 15:30:09'),
 (152,NULL,'LFS202425036',1,1,'2025-03-31',NULL,NULL,'Kiaan Jaman','7061 2083 7766','Md Kamrujjaman',NULL,'Twin Bibi',NULL,'2019-06-21','Puraton Kasiadanga',NULL,'Mahisasthali','Bhagwangola','Murshidabad','742135','W.B','7405604165',NULL,'male',NULL,NULL,'Muslim','General','Indian',NULL,NULL,NULL,NULL,NULL,3,1,1,1,NULL,1,1,1,NULL,'studentdb/152_profile.jpeg',NULL,NULL,4,NULL,NULL,NULL,'2025-04-01 03:25:25'),
 (153,NULL,'LFS202526053',1,1,'2025-03-30',NULL,NULL,'Aayat Yasmin','5488 8898 5517','Kutubuddin Sk',NULL,'Tumpa Khatun',NULL,'2018-12-11','Mahisasthali',NULL,'Mahisasthali','Bhagwangola','Murshidabad','742135','West Bengal','7583936968',NULL,'female',NULL,NULL,'Muslim','General','Indian',NULL,NULL,NULL,NULL,NULL,3,1,1,1,NULL,1,1,1,NULL,'studentdb/153_profile.jpeg',NULL,NULL,4,NULL,NULL,NULL,'2025-03-30 15:31:25'),
 (154,NULL,'LFS202526051',1,0,'2025-04-01',NULL,NULL,'Ashwat Nayna','5675 3703 6055','Washim  ',NULL,'Nurjahan Khatun',NULL,'2019-06-24','Kupkandhi',NULL,'Bhagwangola','Bhagwangola','Murshidabad','742135','West Bengal','6297223108',NULL,'female',NULL,NULL,'Muslim','General','Indian',NULL,NULL,NULL,NULL,NULL,3,1,1,1,NULL,1,1,1,NULL,'studentdb/154_profile.jpeg',NULL,NULL,4,NULL,NULL,NULL,'2025-04-01 14:34:14'),
 (155,NULL,'LFS202526050',1,0,'2025-04-01',NULL,NULL,'Yeara khatun','','Yean Ali',NULL,'Kamrunnesa Khatun',NULL,'2019-08-07','Kashiyadanga',NULL,'Mahisasthali','Bhagwangola','Murshidabad','742135','West Bengal','8167045448',NULL,'female',NULL,NULL,'Muslim','General','Indian',NULL,NULL,NULL,NULL,NULL,3,1,1,1,NULL,1,1,1,NULL,'studentdb/155_profile.jpeg',NULL,NULL,4,NULL,NULL,NULL,'2025-04-01 14:34:47'),
 (156,NULL,'LFS202526049',1,1,'2025-03-30',NULL,NULL,'Evana Yesmin','6510 6169 6586','Benjir Hossain',NULL,'Tohida Yeasmin',NULL,'2019-11-23','Barsatigola',NULL,'Bhagwangola','Bhagwangola','Murshidabad','742135','West Bengal','8944880380',NULL,'female',NULL,NULL,'Muslim','General','Indian',NULL,NULL,NULL,NULL,NULL,3,1,1,1,NULL,1,1,1,NULL,'studentdb/156_profile.jpeg',NULL,NULL,4,NULL,NULL,NULL,'2025-03-30 15:41:53'),
 (157,NULL,'LFS202526048',1,1,'2025-04-01',NULL,NULL,'MD Rahamat Hasan','4027 2315 8968','MD Tofail Hasan',NULL,'Sakina Khatun',NULL,'2018-10-20','Debipur',NULL,'Kantanagar','Bhagwangola','Murshidabad','742135','West Bengal','8972118492',NULL,'male',NULL,NULL,'Muslim','General','Indian',NULL,NULL,NULL,NULL,NULL,3,1,1,1,NULL,1,1,1,NULL,NULL,NULL,NULL,4,NULL,NULL,NULL,'2025-04-01 14:35:52'),
 (158,NULL,'LFS202425027',1,1,'2025-03-30',NULL,NULL,'Shreya Mondal','','Tata Mondal',NULL,'Smriti Mondal',NULL,'2019-11-25','Kantanagar',NULL,'Bhagwangola','Bhagwangola','Murshidabad','742135','West Bengal','7029664451',NULL,'female',NULL,NULL,'Hindu','General','Indian',NULL,NULL,NULL,NULL,NULL,3,1,1,1,NULL,1,1,1,NULL,'studentdb/158_profile.jpeg',NULL,NULL,4,NULL,NULL,NULL,'2025-03-30 15:53:13'),
 (159,NULL,'LFS202526047',1,1,'2025-04-04',NULL,NULL,'Afrin Hoque ','6151 0001 1177','Enamul Hoque',NULL,'Rubia Khatun',NULL,'2020-01-06','Dayanagar',NULL,'Bhagwangola','Bhagwangola','Murshidabad','742135','West Bengal','7602381061',NULL,'female',NULL,NULL,'Muslim','General','Indian',NULL,NULL,NULL,NULL,NULL,3,1,1,1,NULL,1,1,1,NULL,'studentdb/159_profile.jpeg',NULL,NULL,4,NULL,NULL,NULL,'2025-04-04 12:15:36'),
 (160,NULL,'LFS202526046',1,1,'2025-03-30',NULL,NULL,'Rayan Sekh','','MD Dablu Sk',NULL,'Anju Manuara',NULL,'2019-12-24','Ruhimari',NULL,'Bhagwangola','Bhagwangola','Murshidabad','742135','West Bengal','8670205342',NULL,'male',NULL,NULL,'Muslim','General','Indian',NULL,NULL,NULL,NULL,NULL,3,1,1,1,NULL,1,1,1,NULL,'studentdb/160_profile.jpeg',NULL,NULL,4,NULL,NULL,NULL,'2025-03-30 15:52:48'),
 (161,NULL,'LFS202526045',1,1,'2025-04-08',NULL,NULL,'Nahisa Khatun','8147 4994 3246','Alomgir',NULL,'Mila Bibi',NULL,'2019-01-05','N.Para Kashiyadanga',NULL,'Bhagwangola','Bhagwangola','Murshidabad','742135','West Bengal','9153169266',NULL,'female',NULL,NULL,'Muslim','General','Indian',NULL,NULL,NULL,NULL,NULL,3,1,1,1,NULL,1,1,1,NULL,'studentdb/161_profile.jpeg',NULL,NULL,4,NULL,NULL,NULL,'2025-04-08 19:04:42'),
 (162,NULL,'LFS202526044',1,1,'2025-04-08',NULL,NULL,'Puspo Sonar','2952 4304 0056','Sanjayram Sonar',NULL,'Sumi Sonar',NULL,'2018-08-08','Debipur',NULL,'Kantanagar','Bhagwangola','Murshidabad','742135','W.B','9800024725',NULL,'female',NULL,NULL,'Hindu','General','Indian',NULL,NULL,NULL,NULL,NULL,3,1,1,1,NULL,1,1,1,NULL,'studentdb/162_profile.jpeg',NULL,NULL,4,NULL,NULL,NULL,'2025-04-08 19:06:15'),
 (163,NULL,'LFS202425007',1,1,'2025-03-30',NULL,NULL,'SANIA AFSANA','','IMRAN ALI',NULL,'SHORIFA KHATUN',NULL,'2019-10-19','Kantanagar',NULL,'Bhagwangola','Bhagwangola','Murshidabad','742135','West Bengal','9932682449',NULL,'female',NULL,NULL,'Muslim','General','Indian',NULL,NULL,NULL,NULL,NULL,3,1,1,1,NULL,1,1,1,NULL,'studentdb/163_profile.jpeg',NULL,NULL,4,NULL,NULL,NULL,'2025-03-30 15:55:28'),
 (164,NULL,'LFS202526054',1,1,'2025-04-04',NULL,NULL,'NOORAMIN','','MILAN SK',NULL,'AULIYA BIBI',NULL,'2018-12-10','Kashipur',NULL,'Mahisasthali','Bhagwangola','Murshidabad','742135','West Bengal','8640080577',NULL,'male',NULL,NULL,'Muslim','General','Indian',NULL,NULL,NULL,NULL,NULL,3,1,1,1,NULL,1,1,1,NULL,'studentdb/164_profile.jpeg',NULL,NULL,4,NULL,NULL,NULL,'2025-04-04 13:22:12'),
 (165,NULL,'LFS202526052',1,1,'2025-04-08',NULL,NULL,'AHMAD HASAN','','MD NUR AMIN',NULL,'MOMINA KHATUN',NULL,'2020-11-29','Kashiadanga',NULL,'Mahisasthali','Bhagwangola','Murshidabad','742135','West Bengal','7063295575',NULL,'male',NULL,NULL,'Muslim','General','Indian',NULL,NULL,NULL,NULL,NULL,3,1,1,1,NULL,1,1,1,NULL,'studentdb/165_profile.jpeg',NULL,NULL,4,NULL,NULL,NULL,'2025-04-08 19:05:18'),
 (166,NULL,'LFS202526060',1,1,'2025-04-03',NULL,NULL,'Fahima Aktar',NULL,'Rajibul Hoque',NULL,'Khadija Khatun',NULL,'2022-02-05','Ramnapara',NULL,'Mahisasthali','Bhagwangola','Murshidabad','742135','West Bengal','8597172324',NULL,'female',NULL,NULL,'Muslim','General',NULL,NULL,NULL,NULL,NULL,NULL,1,1,NULL,NULL,NULL,NULL,NULL,NULL,NULL,'studentdb/166_profile.jpeg',NULL,NULL,4,NULL,NULL,'2025-03-29 15:02:05','2025-04-03 14:06:38'),
 (167,NULL,'LFS202526005',1,1,'2025-03-29',NULL,NULL,'EYANA HOSSAIN',NULL,'ARIF HOSSAIN',NULL,'UMMEHENA KHATUN',NULL,'2021-10-14',NULL,NULL,'Bhagwangola','Bhagwangola','Murshidabad','742135','West Bengal',NULL,NULL,'female',NULL,NULL,'Muslim','General',NULL,NULL,NULL,NULL,NULL,NULL,1,1,NULL,NULL,NULL,NULL,NULL,NULL,NULL,'studentdb/167_profile.jpeg',NULL,NULL,4,NULL,NULL,'2025-03-29 15:06:03','2025-03-29 15:08:43'),
 (168,NULL,'LFS202526065',1,1,'2025-03-29',NULL,NULL,'ANABIA HASAN',NULL,'SUKURUDDIN',NULL,'UMME KULSUM',NULL,'2021-02-15','Jalibagicha',NULL,'Mahisasthali','Bhagwangola','Murshidabad','742135','West Bengal','8906369403',NULL,'female',NULL,NULL,'Muslim','General',NULL,NULL,NULL,NULL,NULL,NULL,1,1,NULL,NULL,NULL,NULL,NULL,NULL,NULL,'studentdb/168_profile.jpeg',NULL,NULL,4,NULL,NULL,'2025-03-29 15:12:39','2025-03-29 15:31:03'),
 (169,NULL,'LFS202223002',1,1,'2025-03-31',NULL,NULL,'IBRAHIM MEHEDI',NULL,'MEHEDI HASAN',NULL,'MST SUMINAZNIN',NULL,'2015-10-04','Kupkandhi',NULL,'Bhagwangola','Bhagwangola','Murshidabad','742135','West Bengal','9002880788',NULL,'male',NULL,NULL,'Muslim','General',NULL,NULL,NULL,NULL,NULL,NULL,7,1,NULL,NULL,NULL,NULL,NULL,NULL,NULL,'studentdb/169_profile.jpg',NULL,NULL,4,NULL,NULL,'2025-03-29 15:36:37','2025-04-01 03:48:02'),
 (170,NULL,'LFS202526068',1,0,'2025-03-31',NULL,NULL,'Aahan Abid',NULL,'Milon Sk',NULL,'Sabia Sultana',NULL,'2021-11-15','Dayanagar',NULL,'Bhagwangola','Bhagwangola','Murshidabad','742135','West Bengal','8945807511',NULL,'male',NULL,NULL,'Muslim','General',NULL,NULL,NULL,NULL,NULL,NULL,1,1,NULL,NULL,NULL,NULL,NULL,NULL,NULL,'studentdb/170_profile.jpg',NULL,NULL,4,NULL,NULL,'2025-03-29 16:22:59','2025-04-01 03:39:05'),
 (171,NULL,'LFS202425029',1,1,'2025-03-31',NULL,NULL,'MD RIDAY SK',NULL,'MD MAJARUL SK',NULL,'AKTARUNNESHA KHATUN',NULL,'2019-12-29','Mahisasthali',NULL,'Mahisasthali','Bhagwangola','Murshidabad','742135','West Bengal','9064460398',NULL,'male',NULL,NULL,'Muslim','General',NULL,NULL,NULL,NULL,NULL,NULL,3,1,NULL,NULL,NULL,NULL,NULL,NULL,NULL,'studentdb/171_profile.jpg',NULL,NULL,4,NULL,NULL,'2025-03-30 16:01:49','2025-04-01 03:35:33'),
 (172,NULL,'LFS202526067',1,1,'2025-03-31',NULL,NULL,'ANIS AMAN',NULL,'KAMRUJJAMAN',NULL,'ARJIA KHATUN',NULL,'2019-11-30','Char paikmari',NULL,'Hanumantanagar','Bhagwangola','Murshidabad','742135','West Bengal','8116365457',NULL,'male',NULL,NULL,'Muslim','General',NULL,NULL,NULL,NULL,NULL,NULL,3,1,NULL,NULL,NULL,NULL,NULL,NULL,NULL,'studentdb/172_profile.jpg',NULL,NULL,4,NULL,NULL,'2025-03-30 16:04:44','2025-04-01 03:36:05'),
 (173,NULL,'LFS202526063',1,1,'2025-04-04',NULL,NULL,'MD TAMIM SK',NULL,'MD SAMIM SK',NULL,'MOUSUMI KHATUN',NULL,'2018-11-13','Char Natunpara',NULL,'Hanumantanagar','Bhagwangola','Murshidabad','742135','West Bengal','9874165524',NULL,'male',NULL,NULL,'Muslim','General',NULL,NULL,NULL,NULL,NULL,NULL,3,1,NULL,NULL,NULL,NULL,NULL,NULL,NULL,'studentdb/173_profile.jpeg',NULL,NULL,4,NULL,NULL,'2025-03-30 16:08:30','2025-04-04 11:52:26'),
 (174,NULL,'LFS202526041',1,1,'2025-04-04',NULL,NULL,'MEHEK KHATUN',NULL,'MD SAMIM SK',NULL,'MOUSUMI KHATUN',NULL,'2021-02-16','Char Natunpara',NULL,'Hanumantanagar','Bhagwangola','Murshidabad','742135','West Bengal','9874165524',NULL,'female',NULL,NULL,'Muslim','General',NULL,NULL,NULL,NULL,NULL,NULL,2,2,NULL,NULL,NULL,NULL,NULL,NULL,NULL,'studentdb/174_profile.jpeg',NULL,NULL,4,NULL,NULL,'2025-03-30 16:29:31','2025-04-04 11:40:25'),
 (175,NULL,'LFS20192066',1,1,'2025-04-04',NULL,NULL,'KHADIJA KHATUN',NULL,'MD ABUL KHAYER',NULL,'AYESHA BIBI',NULL,'2014-11-01','Charbalipara',NULL,'Hanumantanagar','Bhagwangola','Murshidabad','742135','West Bengal','9734575923',NULL,'female',NULL,NULL,'Muslim','General',NULL,NULL,NULL,NULL,NULL,NULL,8,1,NULL,NULL,NULL,NULL,NULL,NULL,NULL,'studentdb/175_profile.jpeg',NULL,NULL,4,NULL,NULL,'2025-04-03 13:35:31','2025-04-04 13:21:27'),
 (176,NULL,'LFS202526062',1,1,'2025-04-03',NULL,NULL,'ABDUL RAHIM',NULL,'JOBAYEL SK',NULL,'SAGIRUN BIBI',NULL,'2018-05-10','RAMNA DANGAPARA',NULL,'MAHISASTHALI','BHAGWANGOLA','MURSHIDABAD','742135','West Bengal','7585003824',NULL,'male',NULL,NULL,'Muslim','General',NULL,NULL,NULL,NULL,NULL,NULL,4,1,NULL,NULL,NULL,NULL,NULL,NULL,NULL,'studentdb/176_profile.jpeg',NULL,NULL,4,NULL,NULL,'2025-04-03 13:41:27','2025-04-03 14:20:48'),
 (177,NULL,'LFS202526068',1,1,'2025-04-04',NULL,NULL,'MST GULAIKHA',NULL,'MD ABDUL KHAYER',NULL,'AYESHA BIBI',NULL,'2019-04-14','Charbalipara',NULL,'Hanumantanagar','Bhagwangola','Murshidabad','742135','West Bengal','9734575923',NULL,'female',NULL,NULL,'Muslim','General',NULL,NULL,NULL,NULL,NULL,NULL,4,1,NULL,NULL,NULL,NULL,NULL,NULL,NULL,'studentdb/177_profile.jpeg',NULL,NULL,4,NULL,NULL,'2025-04-03 13:51:20','2025-04-04 13:18:45'),
 (178,NULL,'LFS202526061',1,1,'2025-04-03',NULL,NULL,'TANISA',NULL,'JUBAIL SK',NULL,'SAGIRAN BIBI',NULL,'2016-09-29','RAMNAPARA',NULL,'MAHISASTHALI','BHAGWANGOLA','MURSHIDABAD','742135','West Bengal','7585003824',NULL,'female',NULL,NULL,'Muslim','General',NULL,NULL,NULL,NULL,NULL,NULL,5,1,NULL,NULL,NULL,NULL,NULL,NULL,NULL,'studentdb/178_profile.jpeg',NULL,NULL,4,NULL,NULL,'2025-04-03 14:05:21','2025-04-03 14:28:19'),
 (179,NULL,'LFS202324013',1,1,'2025-04-04',NULL,NULL,'RIZWAN KHAN',NULL,'WASIM AKRAM',NULL,'SHILA BIBI',NULL,'2017-10-17','KASHIADANGA',NULL,'MAHISASTHALI','BHAGWANGOLA','MURSHIDABAD','742135','West Bengal','7585885008',NULL,'male',NULL,NULL,'Muslim','General',NULL,NULL,NULL,NULL,NULL,NULL,5,1,NULL,NULL,NULL,NULL,NULL,NULL,NULL,'studentdb/179_profile.jpeg',NULL,NULL,4,NULL,NULL,'2025-04-03 14:09:50','2025-04-04 13:29:05'),
 (180,NULL,'LFS202425009',1,1,'2025-04-04',NULL,NULL,'JUWARIYA KHATUN',NULL,'JAHIRUL ISLAM',NULL,'SABARUNNESHA BIBI',NULL,'2017-06-08','Dayanagar',NULL,'Bhagwangola','Bhagwangola','Murshidabad','742135','West Bengal','7687000815',NULL,'female',NULL,NULL,'Muslim','General',NULL,NULL,NULL,NULL,NULL,NULL,5,1,NULL,NULL,NULL,NULL,NULL,NULL,NULL,'studentdb/180_profile.jpeg',NULL,NULL,4,NULL,NULL,'2025-04-03 14:15:14','2025-04-04 12:58:15'),
 (181,NULL,'LFS201920038',1,1,'2025-04-04',NULL,NULL,'AHIL SARKAR',NULL,'SAHANUL ISLAM',NULL,'NASIMA KHATUN',NULL,'2016-05-26','Mahisasthali',NULL,'Mahisasthali','Bhagwangola','Murshidabad','742135','West Bengal','9933956065',NULL,'male',NULL,NULL,'Muslim','General',NULL,NULL,NULL,NULL,NULL,NULL,6,1,NULL,NULL,NULL,NULL,NULL,NULL,NULL,'studentdb/181_profile.jpeg',NULL,NULL,4,NULL,NULL,'2025-04-03 14:42:19','2025-04-04 12:17:12'),
 (182,NULL,'LFS202122020',1,1,'2025-04-04',NULL,NULL,'MD ARYAN',NULL,'MD HAJIKUL ALAM',NULL,'LOVELY BIBI',NULL,'2016-09-14','Kantanagar',NULL,'Kantanagar','Bhagwangola','Murshidabad','742135','West Bengal','9064180769',NULL,'male',NULL,NULL,'Muslim','General',NULL,NULL,NULL,NULL,NULL,NULL,6,1,NULL,NULL,NULL,NULL,NULL,NULL,NULL,'studentdb/182_profile.jpeg',NULL,NULL,4,NULL,NULL,'2025-04-03 14:45:59','2025-04-04 13:17:33'),
 (183,NULL,'LFS202526066',1,1,'2025-04-04',NULL,NULL,'JINAN AMAN',NULL,'KAMRUJJAMAN',NULL,'ARJIA KHATUN',NULL,'2015-05-04','Char Paikmari',NULL,'Hanumantanagar','Bhagwangola','Murshidabad','742135','West Bengal','8345811656',NULL,'male',NULL,NULL,'Muslim','General',NULL,NULL,NULL,NULL,NULL,NULL,7,1,NULL,NULL,NULL,NULL,NULL,NULL,NULL,'studentdb/183_profile.jpeg',NULL,NULL,4,NULL,NULL,'2025-04-03 14:50:45','2025-04-04 13:25:08'),
 (184,NULL,'LFS202021026',1,1,'2025-04-04',NULL,NULL,'EHAN HOQUE',NULL,'AZMAL HOQUE',NULL,'TAHASINA KHATUN',NULL,'2015-11-21','Sekherpara',NULL,'Habaspur','Bhagwangola','Mushidabad','742135','West Bengal','7384560809',NULL,'male',NULL,NULL,'Muslim','General',NULL,NULL,NULL,NULL,NULL,NULL,7,1,NULL,NULL,NULL,NULL,NULL,NULL,NULL,'studentdb/184_profile.jpeg',NULL,NULL,4,NULL,NULL,'2025-04-03 14:56:10','2025-04-04 13:26:46'),
 (185,NULL,'LFS202324039',1,1,'2025-04-10',NULL,NULL,'AZIZA SULTANA',NULL,'MD ASADULLAH',NULL,'SIMA BIBI',NULL,'2014-04-13','MADAPUR',NULL,'BAHADURPUR','BHAGWANGOLA','MURSHIDABAD','742135','West Bengal','9641064870',NULL,'female',NULL,NULL,'Muslim','General',NULL,NULL,NULL,NULL,NULL,NULL,7,1,NULL,NULL,NULL,NULL,NULL,NULL,NULL,'studentdb/185_profile.jpg',NULL,NULL,4,NULL,NULL,'2025-04-03 15:02:13','2025-04-11 01:13:01'),
 (186,NULL,'LFS201920081',1,1,'2025-04-11',NULL,NULL,'ANKIT ROY',NULL,'ASIT ROY',NULL,'BABY ROY',NULL,'2015-04-23','Bahaliapara',NULL,'Bhagwangola','Bhagwangola','Murshidabad','742135','West Bengal','9933947637',NULL,'male',NULL,NULL,'Hindu','General',NULL,NULL,NULL,NULL,NULL,NULL,7,1,NULL,NULL,NULL,NULL,NULL,NULL,NULL,'studentdb/186_profile.jpg',NULL,NULL,4,NULL,NULL,'2025-04-03 15:07:08','2025-04-12 00:11:51'),
 (187,NULL,'LFS202324017',1,1,'2025-04-04',NULL,NULL,'LIJA KHATUN',NULL,'Attar Shah',NULL,'Hadisha Khatun',NULL,'2017-03-20','Rambagh Badhpul',NULL,'Bhagwangola','Bhagwangola','Murshidabad','742135','West Bengal','7010161069',NULL,'female',NULL,NULL,'Muslim','General',NULL,NULL,NULL,NULL,NULL,NULL,5,1,NULL,NULL,NULL,NULL,NULL,NULL,NULL,'studentdb/-1_profile.jpeg',NULL,NULL,4,NULL,NULL,'2025-04-04 13:08:30','2025-04-04 13:08:30'),
 (188,NULL,'LFS202021014',1,1,'2025-04-22',NULL,NULL,'Fahim Ahamed',NULL,'Juel Hoque',NULL,'Mosjida Bibi',NULL,'2016-03-17','Kupkandhi',NULL,'Bhagwangola','Bhagwangola','Murshidabad','742135','West Bengal','9635205896',NULL,'male',NULL,NULL,'Muslim','General',NULL,NULL,NULL,NULL,NULL,NULL,7,1,NULL,NULL,NULL,NULL,NULL,NULL,NULL,'studentdb/188_profile.jpeg',NULL,NULL,4,NULL,NULL,'2025-04-22 08:58:10','2025-04-22 08:59:22'),
 (189,NULL,'LFS202526073',1,1,'2025-04-22',NULL,NULL,'Alhaj Hoque',NULL,'Rabiul Hoque',NULL,'Lima Khatun',NULL,'2021-11-16','Kashiyadanga',NULL,'Mahisasthali','Bhagwangola','Murshidabad','742135','West Bengal','8653856842',NULL,'male',NULL,NULL,'Muslim','General',NULL,NULL,NULL,NULL,NULL,NULL,1,1,NULL,NULL,NULL,NULL,NULL,NULL,NULL,'studentdb/189_profile.jpeg',NULL,NULL,4,NULL,NULL,'2025-04-22 09:25:42','2025-04-22 09:26:29'),
 (190,NULL,'LFS202526072',1,1,'2025-04-22',NULL,NULL,'Anas Ali',NULL,'Ramjan Ali',NULL,'Runa Bibi',NULL,'2014-05-15','Naharpara',NULL,'Mahisasthali','Bhagwangola','Murshidabad','742135','West Bengal','7980812782',NULL,'male',NULL,NULL,'Muslim','General',NULL,NULL,NULL,NULL,NULL,NULL,8,1,NULL,NULL,NULL,NULL,NULL,NULL,NULL,'studentdb/190_profile.jpeg',NULL,NULL,4,NULL,NULL,'2025-04-22 09:39:57','2025-04-22 09:40:18'),
 (191,NULL,'LFS202526071',1,1,'2025-04-22',NULL,NULL,'Aliya Ali',NULL,'Ramjan Ali',NULL,'Runa Bibi',NULL,'2015-11-13','Naharpara',NULL,'Mahisasthali','Bhagwangola','Murshidabad','742135','West Bengal','7980812782',NULL,'female',NULL,NULL,'Muslim','General',NULL,NULL,NULL,NULL,NULL,NULL,7,1,NULL,NULL,NULL,NULL,NULL,NULL,NULL,'studentdb/191_profile.jpeg',NULL,NULL,4,NULL,NULL,'2025-04-22 09:43:15','2025-04-22 09:43:37');
INSERT INTO "studentcrs" ("id","studentdb_id","session_id","myclass_id","section_id","roll_no","result","description","crstatus","next_class_id","next_section_id","next_session_id","next_studentcr_id","school_id","created_at","updated_at") VALUES (21,21,1,1,1,1,NULL,NULL,NULL,NULL,NULL,NULL,NULL,NULL,'2025-03-11 17:56:00','2025-03-29 14:17:45'),
 (22,22,1,1,1,2,NULL,NULL,NULL,NULL,NULL,NULL,NULL,NULL,'2025-03-11 17:56:00','2025-03-29 14:18:19'),
 (23,23,1,1,1,3,NULL,NULL,NULL,NULL,NULL,NULL,NULL,NULL,'2025-03-11 17:56:00','2025-03-29 14:19:55'),
 (24,24,1,1,1,4,NULL,NULL,NULL,NULL,NULL,NULL,NULL,NULL,'2025-03-11 17:56:00','2025-03-29 14:20:23'),
 (25,25,1,1,1,5,NULL,NULL,NULL,NULL,NULL,NULL,NULL,NULL,'2025-03-11 17:56:00','2025-03-29 14:21:31'),
 (26,26,1,1,1,6,NULL,NULL,NULL,NULL,NULL,NULL,NULL,NULL,'2025-03-11 17:56:00','2025-03-29 14:23:18'),
 (27,27,1,1,1,7,NULL,NULL,NULL,NULL,NULL,NULL,NULL,NULL,'2025-03-11 17:56:00','2025-03-29 14:23:53'),
 (28,28,1,1,1,8,NULL,NULL,NULL,NULL,NULL,NULL,NULL,NULL,'2025-03-11 17:56:00','2025-03-29 14:24:29'),
 (29,29,1,1,1,9,NULL,NULL,NULL,NULL,NULL,NULL,NULL,NULL,'2025-03-11 17:56:00','2025-03-29 14:24:54'),
 (30,30,1,1,1,10,NULL,NULL,NULL,NULL,NULL,NULL,NULL,NULL,'2025-03-11 17:56:00','2025-03-29 14:25:21'),
 (31,31,1,1,1,11,NULL,NULL,NULL,NULL,NULL,NULL,NULL,NULL,'2025-03-11 17:56:00','2025-03-29 14:25:37'),
 (32,32,1,5,1,1,NULL,NULL,NULL,NULL,NULL,NULL,NULL,NULL,'2025-03-11 17:56:00','2025-03-29 14:32:43'),
 (33,33,1,5,1,2,NULL,NULL,NULL,NULL,NULL,NULL,NULL,NULL,'2025-03-11 17:56:00','2025-03-11 17:56:00'),
 (34,34,1,5,1,3,NULL,NULL,NULL,NULL,NULL,NULL,NULL,NULL,'2025-03-11 17:56:00','2025-03-11 17:56:00'),
 (35,35,1,5,1,4,NULL,NULL,NULL,NULL,NULL,NULL,NULL,NULL,'2025-03-11 17:56:00','2025-03-11 17:56:00'),
 (36,36,1,5,1,5,NULL,NULL,NULL,NULL,NULL,NULL,NULL,NULL,'2025-03-11 17:56:00','2025-03-11 17:56:00'),
 (37,37,1,5,1,6,NULL,NULL,NULL,NULL,NULL,NULL,NULL,NULL,'2025-03-11 17:56:00','2025-03-11 17:56:00'),
 (38,38,1,5,1,7,NULL,NULL,NULL,NULL,NULL,NULL,NULL,NULL,'2025-03-11 17:56:00','2025-03-11 17:56:00'),
 (39,39,1,5,1,8,NULL,NULL,NULL,NULL,NULL,NULL,NULL,NULL,'2025-03-11 17:56:00','2025-03-11 17:56:00'),
 (40,40,1,5,1,9,NULL,NULL,NULL,NULL,NULL,NULL,NULL,NULL,'2025-03-11 17:56:00','2025-03-11 17:56:00'),
 (41,41,1,5,1,10,NULL,NULL,NULL,NULL,NULL,NULL,NULL,NULL,'2025-03-11 17:56:00','2025-03-11 17:56:00'),
 (42,42,1,5,1,11,NULL,NULL,NULL,NULL,NULL,NULL,NULL,NULL,'2025-03-11 17:56:00','2025-03-11 17:56:00'),
 (43,43,1,5,1,12,NULL,NULL,NULL,NULL,NULL,NULL,NULL,NULL,'2025-03-11 17:56:00','2025-03-11 17:56:00'),
 (44,44,1,5,1,13,NULL,NULL,NULL,NULL,NULL,NULL,NULL,NULL,'2025-03-11 17:56:00','2025-03-11 17:56:00'),
 (45,45,1,5,1,14,NULL,NULL,NULL,NULL,NULL,NULL,NULL,NULL,'2025-03-11 17:56:00','2025-03-11 17:56:00'),
 (46,46,1,6,1,1,NULL,NULL,NULL,NULL,NULL,NULL,NULL,NULL,'2025-03-11 17:56:00','2025-03-11 17:56:00'),
 (47,47,1,6,1,2,NULL,NULL,NULL,NULL,NULL,NULL,NULL,NULL,'2025-03-11 17:56:00','2025-03-11 17:56:00'),
 (48,48,1,6,1,3,NULL,NULL,NULL,NULL,NULL,NULL,NULL,NULL,'2025-03-11 17:56:00','2025-03-11 17:56:00'),
 (49,49,1,6,1,4,NULL,NULL,NULL,NULL,NULL,NULL,NULL,NULL,'2025-03-11 17:56:00','2025-03-11 17:56:00'),
 (50,50,1,6,1,5,NULL,NULL,NULL,NULL,NULL,NULL,NULL,NULL,'2025-03-11 17:56:00','2025-03-11 17:56:00'),
 (51,51,1,6,1,6,NULL,NULL,NULL,NULL,NULL,NULL,NULL,NULL,'2025-03-11 17:56:00','2025-03-11 17:56:00'),
 (52,52,1,6,1,7,NULL,NULL,NULL,NULL,NULL,NULL,NULL,NULL,'2025-03-11 17:56:00','2025-03-11 17:56:00'),
 (53,53,1,6,1,8,NULL,NULL,NULL,NULL,NULL,NULL,NULL,NULL,'2025-03-11 17:56:00','2025-03-11 17:56:00'),
 (54,54,1,7,1,1,NULL,NULL,NULL,NULL,NULL,NULL,NULL,NULL,'2025-03-11 17:56:00','2025-03-11 17:56:00'),
 (55,55,1,7,1,2,NULL,NULL,NULL,NULL,NULL,NULL,NULL,NULL,'2025-03-11 17:56:00','2025-03-11 17:56:00'),
 (56,56,1,7,1,3,NULL,NULL,NULL,NULL,NULL,NULL,NULL,NULL,'2025-03-11 17:56:00','2025-03-11 17:56:00'),
 (57,57,1,7,1,4,NULL,NULL,NULL,NULL,NULL,NULL,NULL,NULL,'2025-03-11 17:56:00','2025-03-11 17:56:00'),
 (58,58,1,7,1,5,NULL,NULL,NULL,NULL,NULL,NULL,NULL,NULL,'2025-03-11 17:56:00','2025-03-11 17:56:00'),
 (59,59,1,7,1,6,NULL,NULL,NULL,NULL,NULL,NULL,NULL,NULL,'2025-03-11 17:56:00','2025-03-11 17:56:00'),
 (60,60,1,7,1,7,NULL,NULL,NULL,NULL,NULL,NULL,NULL,NULL,'2025-03-11 17:56:00','2025-03-11 17:56:00'),
 (61,61,1,7,1,8,NULL,NULL,NULL,NULL,NULL,NULL,NULL,NULL,'2025-03-11 17:56:00','2025-03-11 17:56:00'),
 (62,62,1,7,1,9,NULL,NULL,NULL,NULL,NULL,NULL,NULL,NULL,'2025-03-11 17:56:00','2025-03-11 17:56:00'),
 (63,63,1,7,1,10,NULL,NULL,NULL,NULL,NULL,NULL,NULL,NULL,'2025-03-11 17:56:00','2025-03-11 17:56:00'),
 (64,64,1,7,1,11,NULL,NULL,NULL,NULL,NULL,NULL,NULL,NULL,'2025-03-11 17:56:00','2025-03-11 17:56:00'),
 (65,65,1,7,1,12,NULL,NULL,NULL,NULL,NULL,NULL,NULL,NULL,'2025-03-11 17:56:00','2025-03-11 17:56:00'),
 (66,66,1,7,1,13,NULL,NULL,NULL,NULL,NULL,NULL,NULL,NULL,'2025-03-11 17:56:00','2025-03-11 17:56:00'),
 (67,67,1,8,1,1,NULL,NULL,NULL,NULL,NULL,NULL,NULL,NULL,'2025-03-11 17:56:00','2025-03-11 17:56:00'),
 (68,68,1,8,1,2,NULL,NULL,NULL,NULL,NULL,NULL,NULL,NULL,'2025-03-11 17:56:00','2025-03-11 17:56:00'),
 (69,69,1,8,1,3,NULL,NULL,NULL,NULL,NULL,NULL,NULL,NULL,'2025-03-11 17:56:00','2025-03-11 17:56:00'),
 (70,70,1,8,1,4,NULL,NULL,NULL,NULL,NULL,NULL,NULL,NULL,'2025-03-11 17:56:00','2025-03-11 17:56:00'),
 (71,71,1,8,1,5,NULL,NULL,NULL,NULL,NULL,NULL,NULL,NULL,'2025-03-11 17:56:00','2025-03-11 17:56:00'),
 (72,75,1,2,1,1,NULL,NULL,NULL,NULL,NULL,NULL,NULL,NULL,'2025-03-11 10:56:00','2025-03-29 14:28:24'),
 (73,76,1,2,1,2,NULL,NULL,NULL,NULL,NULL,NULL,NULL,NULL,'2025-03-11 10:56:00','2025-03-29 14:28:43'),
 (74,77,1,2,1,3,NULL,NULL,NULL,NULL,NULL,NULL,NULL,NULL,'2025-03-11 10:56:00','2025-03-29 14:29:00'),
 (75,78,1,2,1,4,NULL,NULL,NULL,NULL,NULL,NULL,NULL,NULL,'2025-03-11 10:56:00','2025-03-29 14:29:32'),
 (76,79,1,2,1,5,NULL,NULL,NULL,NULL,NULL,NULL,NULL,NULL,'2025-03-11 10:56:00','2025-03-30 14:51:02'),
 (77,80,1,2,1,6,NULL,NULL,NULL,NULL,NULL,NULL,NULL,NULL,'2025-03-11 10:56:00','2025-03-11 10:56:00'),
 (78,81,1,2,1,7,NULL,NULL,NULL,NULL,NULL,NULL,NULL,NULL,'2025-03-11 10:56:00','2025-03-30 15:06:31'),
 (79,82,1,2,1,8,NULL,NULL,NULL,NULL,NULL,NULL,NULL,NULL,'2025-03-11 10:56:00','2025-03-30 15:06:56'),
 (80,83,1,2,1,9,NULL,NULL,NULL,NULL,NULL,NULL,NULL,NULL,'2025-03-11 10:56:00','2025-03-11 10:56:00'),
 (81,84,1,2,1,10,NULL,NULL,NULL,NULL,NULL,NULL,NULL,NULL,'2025-03-11 10:56:00','2025-03-30 15:07:17'),
 (82,85,1,2,1,11,NULL,NULL,NULL,NULL,NULL,NULL,NULL,NULL,'2025-03-11 10:56:00','2025-03-30 15:07:53'),
 (83,86,1,2,1,12,NULL,NULL,NULL,NULL,NULL,NULL,NULL,NULL,'2025-03-11 10:56:00','2025-03-30 15:08:12'),
 (84,87,1,2,1,13,NULL,NULL,NULL,NULL,NULL,NULL,NULL,NULL,'2025-03-11 10:56:00','2025-03-30 15:08:30'),
 (85,88,1,2,1,14,NULL,NULL,NULL,NULL,NULL,NULL,NULL,NULL,'2025-03-11 10:56:00','2025-03-30 15:08:45'),
 (86,89,1,2,1,15,NULL,NULL,NULL,NULL,NULL,NULL,NULL,NULL,'2025-03-11 10:56:00','2025-03-30 15:09:02'),
 (87,90,1,2,1,16,NULL,NULL,NULL,NULL,NULL,NULL,NULL,NULL,'2025-03-11 10:56:00','2025-03-30 15:09:20'),
 (88,91,1,2,1,17,NULL,NULL,NULL,NULL,NULL,NULL,NULL,NULL,'2025-03-11 10:56:00','2025-03-30 15:09:35'),
 (89,92,1,2,1,6,NULL,NULL,NULL,NULL,NULL,NULL,NULL,NULL,'2025-03-11 10:56:00','2025-03-30 15:06:00'),
 (90,93,1,2,2,1,NULL,NULL,NULL,NULL,NULL,NULL,NULL,NULL,'2025-03-11 10:56:00','2025-03-30 15:11:40'),
 (91,94,1,2,2,2,NULL,NULL,NULL,NULL,NULL,NULL,NULL,NULL,'2025-03-11 10:56:00','2025-03-11 10:56:00'),
 (92,95,1,2,2,3,NULL,NULL,NULL,NULL,NULL,NULL,NULL,NULL,'2025-03-11 10:56:00','2025-03-30 15:13:15'),
 (93,96,1,2,2,4,NULL,NULL,NULL,NULL,NULL,NULL,NULL,NULL,'2025-03-11 10:56:00','2025-03-11 10:56:00'),
 (94,97,1,2,2,5,NULL,NULL,NULL,NULL,NULL,NULL,NULL,NULL,'2025-03-11 10:56:00','2025-03-30 15:16:01'),
 (95,98,1,2,2,6,NULL,NULL,NULL,NULL,NULL,NULL,NULL,NULL,'2025-03-11 10:56:00','2025-03-30 15:18:37'),
 (96,99,1,2,2,7,NULL,NULL,NULL,NULL,NULL,NULL,NULL,NULL,'2025-03-11 10:56:00','2025-03-11 10:56:00'),
 (97,100,1,2,2,8,NULL,NULL,NULL,NULL,NULL,NULL,NULL,NULL,'2025-03-11 10:56:00','2025-03-11 10:56:00'),
 (98,101,1,2,2,9,NULL,NULL,NULL,NULL,NULL,NULL,NULL,NULL,'2025-03-11 10:56:00','2025-03-30 15:19:19'),
 (99,102,1,2,2,10,NULL,NULL,NULL,NULL,NULL,NULL,NULL,NULL,'2025-03-11 10:56:00','2025-03-11 10:56:00'),
 (100,103,1,2,2,11,NULL,NULL,NULL,NULL,NULL,NULL,NULL,NULL,'2025-03-11 10:56:00','2025-03-30 16:10:49'),
 (101,104,1,2,2,12,NULL,NULL,NULL,NULL,NULL,NULL,NULL,NULL,'2025-03-11 10:56:00','2025-03-30 16:11:09'),
 (102,105,1,2,2,13,NULL,NULL,NULL,NULL,NULL,NULL,NULL,NULL,'2025-03-11 10:56:00','2025-03-30 16:11:40'),
 (103,106,1,2,2,14,NULL,NULL,NULL,NULL,NULL,NULL,NULL,NULL,'2025-03-11 10:56:00','2025-03-11 10:56:00'),
 (104,107,1,2,2,15,NULL,NULL,NULL,NULL,NULL,NULL,NULL,NULL,'2025-03-11 10:56:00','2025-03-30 16:12:07'),
 (105,108,1,2,2,16,NULL,NULL,NULL,NULL,NULL,NULL,NULL,NULL,'2025-03-11 10:56:00','2025-03-30 16:12:32'),
 (106,109,1,2,2,17,NULL,NULL,NULL,NULL,NULL,NULL,NULL,NULL,'2025-03-11 10:56:00','2025-03-11 10:56:00'),
 (107,110,1,4,1,1,NULL,NULL,NULL,NULL,NULL,NULL,NULL,NULL,'2025-03-11 10:56:00','2025-03-30 16:14:30'),
 (108,111,1,4,1,2,NULL,NULL,NULL,NULL,NULL,NULL,NULL,NULL,'2025-03-11 10:56:00','2025-03-30 16:14:49'),
 (109,112,1,4,1,3,NULL,NULL,NULL,NULL,NULL,NULL,NULL,NULL,'2025-03-11 10:56:00','2025-03-30 16:15:05'),
 (110,113,1,4,1,4,NULL,NULL,NULL,NULL,NULL,NULL,NULL,NULL,'2025-03-11 10:56:00','2025-03-30 16:15:22'),
 (111,114,1,4,1,5,NULL,NULL,NULL,NULL,NULL,NULL,NULL,NULL,'2025-03-11 10:56:00','2025-03-30 16:15:51'),
 (112,115,1,4,1,6,NULL,NULL,NULL,NULL,NULL,NULL,NULL,NULL,'2025-03-11 10:56:00','2025-03-30 16:16:10'),
 (113,116,1,4,1,7,NULL,NULL,NULL,NULL,NULL,NULL,NULL,NULL,'2025-03-11 10:56:00','2025-03-30 16:16:54'),
 (114,117,1,4,1,8,NULL,NULL,NULL,NULL,NULL,NULL,NULL,NULL,'2025-03-11 10:56:00','2025-03-30 16:17:53'),
 (115,118,1,4,1,9,NULL,NULL,NULL,NULL,NULL,NULL,NULL,NULL,'2025-03-11 10:56:00','2025-03-30 16:18:10'),
 (116,119,1,4,1,10,NULL,NULL,NULL,NULL,NULL,NULL,NULL,NULL,'2025-03-11 10:56:00','2025-03-30 16:18:47'),
 (117,120,1,4,1,11,NULL,NULL,NULL,NULL,NULL,NULL,NULL,NULL,'2025-03-11 10:56:00','2025-03-11 10:56:00'),
 (118,121,1,4,1,12,NULL,NULL,NULL,NULL,NULL,NULL,NULL,NULL,'2025-03-11 10:56:00','2025-03-11 10:56:00'),
 (119,122,1,4,1,13,NULL,NULL,NULL,NULL,NULL,NULL,NULL,NULL,'2025-03-11 10:56:00','2025-03-30 16:19:17'),
 (120,123,1,4,1,14,NULL,NULL,NULL,NULL,NULL,NULL,NULL,NULL,'2025-03-11 10:56:00','2025-03-30 16:20:27'),
 (121,124,1,4,1,15,NULL,NULL,NULL,NULL,NULL,NULL,NULL,NULL,'2025-03-11 10:56:00','2025-03-30 16:21:32'),
 (122,125,1,4,1,16,NULL,NULL,NULL,NULL,NULL,NULL,NULL,NULL,'2025-03-11 10:56:00','2025-03-30 16:21:56'),
 (123,126,1,4,1,17,NULL,NULL,NULL,NULL,NULL,NULL,NULL,NULL,'2025-03-11 10:56:00','2025-03-30 16:22:20'),
 (124,127,1,4,1,18,NULL,NULL,NULL,NULL,NULL,NULL,NULL,NULL,'2025-03-11 10:56:00','2025-03-30 16:22:40'),
 (125,128,1,4,1,19,NULL,NULL,NULL,NULL,NULL,NULL,NULL,NULL,'2025-03-11 10:56:00','2025-03-30 16:22:58'),
 (126,129,1,4,1,20,NULL,NULL,NULL,NULL,NULL,NULL,NULL,NULL,'2025-03-11 10:56:00','2025-03-30 16:23:15'),
 (127,130,1,4,1,21,NULL,NULL,NULL,NULL,NULL,NULL,NULL,NULL,'2025-03-11 10:56:00','2025-03-30 16:23:43'),
 (128,131,1,3,1,1,NULL,NULL,NULL,NULL,NULL,NULL,NULL,NULL,'2025-03-11 10:56:00','2025-03-30 15:23:08'),
 (129,132,1,3,1,2,NULL,NULL,NULL,NULL,NULL,NULL,NULL,NULL,'2025-03-11 10:56:00','2025-04-01 03:00:54'),
 (130,133,1,3,1,3,NULL,NULL,NULL,NULL,NULL,NULL,NULL,NULL,'2025-03-11 10:56:00','2025-04-01 03:01:28'),
 (131,134,1,3,1,4,NULL,NULL,NULL,NULL,NULL,NULL,NULL,NULL,'2025-03-11 10:56:00','2025-04-01 03:02:10'),
 (132,135,1,3,1,5,NULL,NULL,NULL,NULL,NULL,NULL,NULL,NULL,'2025-03-11 10:56:00','2025-03-11 10:56:00'),
 (133,136,1,3,1,6,NULL,NULL,NULL,NULL,NULL,NULL,NULL,NULL,'2025-03-11 10:56:00','2025-04-01 03:03:06'),
 (134,137,1,3,1,7,NULL,NULL,NULL,NULL,NULL,NULL,NULL,NULL,'2025-03-11 10:56:00','2025-04-01 03:03:26'),
 (135,138,1,3,1,8,NULL,NULL,NULL,NULL,NULL,NULL,NULL,NULL,'2025-03-11 10:56:00','2025-04-01 03:03:50'),
 (136,139,1,3,1,9,NULL,NULL,NULL,NULL,NULL,NULL,NULL,NULL,'2025-03-11 10:56:00','2025-04-01 03:04:15'),
 (137,140,1,3,1,10,NULL,NULL,NULL,NULL,NULL,NULL,NULL,NULL,'2025-03-11 10:56:00','2025-04-01 03:04:42'),
 (138,141,1,3,1,11,NULL,NULL,NULL,NULL,NULL,NULL,NULL,NULL,'2025-03-11 10:56:00','2025-03-11 10:56:00'),
 (139,142,1,3,1,12,NULL,NULL,NULL,NULL,NULL,NULL,NULL,NULL,'2025-03-11 10:56:00','2025-04-01 03:05:14'),
 (140,143,1,3,1,13,NULL,NULL,NULL,NULL,NULL,NULL,NULL,NULL,'2025-03-11 10:56:00','2025-04-01 03:05:47'),
 (141,144,1,3,1,14,NULL,NULL,NULL,NULL,NULL,NULL,NULL,NULL,'2025-03-11 10:56:00','2025-04-01 03:06:12'),
 (142,145,1,3,1,15,NULL,NULL,NULL,NULL,NULL,NULL,NULL,NULL,'2025-03-11 10:56:00','2025-03-11 10:56:00'),
 (143,146,1,3,1,16,NULL,NULL,NULL,NULL,NULL,NULL,NULL,NULL,'2025-03-11 10:56:00','2025-04-01 03:07:03'),
 (144,147,1,3,1,17,NULL,NULL,NULL,NULL,NULL,NULL,NULL,NULL,'2025-03-11 10:56:00','2025-04-01 03:23:48'),
 (145,148,1,3,1,18,NULL,NULL,NULL,NULL,NULL,NULL,NULL,NULL,'2025-03-11 10:56:00','2025-03-11 10:56:00'),
 (146,149,1,3,1,19,NULL,NULL,NULL,NULL,NULL,NULL,NULL,NULL,'2025-03-11 10:56:00','2025-04-01 03:24:30'),
 (147,150,1,3,1,20,NULL,NULL,NULL,NULL,NULL,NULL,NULL,NULL,'2025-03-11 10:56:00','2025-03-11 10:56:00'),
 (148,151,1,3,1,21,NULL,NULL,NULL,NULL,NULL,NULL,NULL,NULL,'2025-03-11 10:56:00','2025-03-11 10:56:00'),
 (149,152,1,3,1,22,NULL,NULL,NULL,NULL,NULL,NULL,NULL,NULL,'2025-03-11 10:56:00','2025-04-01 03:25:25'),
 (150,153,1,3,1,23,NULL,NULL,NULL,NULL,NULL,NULL,NULL,NULL,'2025-03-11 10:56:00','2025-03-11 10:56:00'),
 (151,154,1,3,1,24,NULL,NULL,NULL,NULL,NULL,NULL,NULL,NULL,'2025-03-11 10:56:00','2025-03-11 10:56:00'),
 (152,155,1,3,1,25,NULL,NULL,NULL,NULL,NULL,NULL,NULL,NULL,'2025-03-11 10:56:00','2025-03-11 10:56:00'),
 (153,156,1,3,1,26,NULL,NULL,NULL,NULL,NULL,NULL,NULL,NULL,'2025-03-11 10:56:00','2025-03-11 10:56:00'),
 (154,157,1,3,1,27,NULL,NULL,NULL,NULL,NULL,NULL,NULL,NULL,'2025-03-11 10:56:00','2025-03-11 10:56:00'),
 (155,158,1,3,1,28,NULL,NULL,NULL,NULL,NULL,NULL,NULL,NULL,'2025-03-11 10:56:00','2025-03-11 10:56:00'),
 (156,159,1,3,1,29,NULL,NULL,NULL,NULL,NULL,NULL,NULL,NULL,'2025-03-11 10:56:00','2025-03-11 10:56:00'),
 (157,160,1,3,1,30,NULL,NULL,NULL,NULL,NULL,NULL,NULL,NULL,'2025-03-11 10:56:00','2025-03-11 10:56:00'),
 (158,161,1,3,1,31,NULL,NULL,NULL,NULL,NULL,NULL,NULL,NULL,'2025-03-11 10:56:00','2025-03-11 10:56:00'),
 (159,162,1,3,1,32,NULL,NULL,NULL,NULL,NULL,NULL,NULL,NULL,'2025-03-11 10:56:00','2025-04-08 19:06:15'),
 (160,163,1,3,1,33,NULL,NULL,NULL,NULL,NULL,NULL,NULL,NULL,'2025-03-11 10:56:00','2025-03-11 10:56:00'),
 (161,164,1,3,1,34,NULL,NULL,NULL,NULL,NULL,NULL,NULL,NULL,'2025-03-11 10:56:00','2025-03-11 10:56:00'),
 (162,165,1,3,1,35,NULL,NULL,NULL,NULL,NULL,NULL,NULL,NULL,'2025-03-11 10:56:00','2025-03-11 10:56:00'),
 (163,80,1,1,1,16,NULL,NULL,NULL,NULL,NULL,NULL,NULL,NULL,'2025-03-28 14:20:19','2025-04-04 12:47:55'),
 (164,166,1,1,1,13,NULL,NULL,NULL,NULL,NULL,NULL,NULL,NULL,'2025-03-29 15:02:05','2025-03-29 15:03:04'),
 (165,167,1,1,1,14,NULL,NULL,NULL,NULL,NULL,NULL,NULL,NULL,'2025-03-29 15:06:03','2025-03-29 15:08:43'),
 (166,168,1,1,1,15,NULL,NULL,NULL,NULL,NULL,NULL,NULL,NULL,'2025-03-29 15:12:39','2025-03-29 15:13:33'),
 (167,169,1,7,1,14,NULL,NULL,NULL,NULL,NULL,NULL,NULL,NULL,'2025-03-29 15:36:37','2025-03-29 15:36:37'),
 (168,170,1,1,1,12,NULL,NULL,NULL,NULL,NULL,NULL,NULL,NULL,'2025-03-29 16:22:59','2025-03-29 16:22:59'),
 (169,80,1,1,2,18,NULL,NULL,NULL,NULL,NULL,NULL,NULL,NULL,'2025-03-30 15:02:27','2025-03-30 15:11:02'),
 (170,171,1,3,1,36,NULL,NULL,NULL,NULL,NULL,NULL,NULL,NULL,'2025-03-30 16:01:49','2025-03-30 16:01:49'),
 (171,172,1,3,1,37,NULL,NULL,NULL,NULL,NULL,NULL,NULL,NULL,'2025-03-30 16:04:44','2025-03-30 16:04:44'),
 (172,173,1,3,1,38,NULL,NULL,NULL,NULL,NULL,NULL,NULL,NULL,'2025-03-30 16:08:30','2025-03-30 16:08:30'),
 (173,174,1,2,2,19,NULL,NULL,NULL,NULL,NULL,NULL,NULL,NULL,'2025-03-30 16:29:31','2025-03-30 16:29:31'),
 (174,80,1,2,2,18,NULL,NULL,NULL,NULL,NULL,NULL,NULL,NULL,'2025-04-01 15:25:14','2025-04-01 15:25:14'),
 (175,175,1,8,1,6,NULL,NULL,NULL,NULL,NULL,NULL,NULL,NULL,'2025-04-03 13:35:31','2025-04-03 13:35:31'),
 (176,176,1,4,1,22,NULL,NULL,NULL,NULL,NULL,NULL,NULL,NULL,'2025-04-03 13:41:27','2025-04-03 13:41:27'),
 (177,177,1,4,1,23,NULL,NULL,NULL,NULL,NULL,NULL,NULL,NULL,'2025-04-03 13:51:20','2025-04-03 13:51:20'),
 (178,178,1,5,1,17,NULL,NULL,NULL,NULL,NULL,NULL,NULL,NULL,'2025-04-03 14:05:21','2025-04-03 14:05:21'),
 (179,179,1,5,1,15,NULL,NULL,NULL,NULL,NULL,NULL,NULL,NULL,'2025-04-03 14:09:50','2025-04-03 14:09:50'),
 (180,180,1,5,1,18,NULL,NULL,NULL,NULL,NULL,NULL,NULL,NULL,'2025-04-03 14:15:14','2025-04-03 14:15:14'),
 (181,181,1,6,1,9,NULL,NULL,NULL,NULL,NULL,NULL,NULL,NULL,'2025-04-03 14:42:19','2025-04-03 14:42:19'),
 (182,182,1,6,1,10,NULL,NULL,NULL,NULL,NULL,NULL,NULL,NULL,'2025-04-03 14:45:59','2025-04-03 14:45:59'),
 (183,183,1,7,1,15,NULL,NULL,NULL,NULL,NULL,NULL,NULL,NULL,'2025-04-03 14:50:45','2025-04-03 14:50:45'),
 (184,184,1,7,1,17,NULL,NULL,NULL,NULL,NULL,NULL,NULL,NULL,'2025-04-03 14:56:10','2025-04-03 14:56:10'),
 (185,185,1,7,1,18,NULL,NULL,NULL,NULL,NULL,NULL,NULL,NULL,'2025-04-03 15:02:13','2025-04-11 01:16:25'),
 (186,186,1,7,1,19,NULL,NULL,NULL,NULL,NULL,NULL,NULL,NULL,'2025-04-03 15:07:08','2025-04-03 15:07:08'),
 (187,187,1,5,1,16,NULL,NULL,NULL,NULL,NULL,NULL,NULL,NULL,'2025-04-04 13:08:30','2025-04-04 13:08:30'),
 (188,188,1,7,1,16,NULL,NULL,NULL,NULL,NULL,NULL,NULL,NULL,'2025-04-22 08:58:10','2025-04-22 08:58:10'),
 (189,189,1,1,1,17,NULL,NULL,NULL,NULL,NULL,NULL,NULL,NULL,'2025-04-22 09:25:42','2025-04-22 09:25:42'),
 (190,190,1,8,1,7,NULL,NULL,NULL,NULL,NULL,NULL,NULL,NULL,'2025-04-22 09:39:57','2025-04-22 09:39:57'),
 (191,191,1,7,1,20,NULL,NULL,NULL,NULL,NULL,NULL,NULL,NULL,'2025-04-22 09:43:15','2025-04-22 09:43:15');
INSERT INTO "exam01_names" ("id","name","description","exam_month","exam_year","order_index","is_optional","session_id","school_id","user_id","approved_by","is_active","is_finalized","status","remarks","created_at","updated_at") VALUES (1,'First Term',NULL,NULL,NULL,1,0,NULL,NULL,NULL,NULL,1,0,NULL,NULL,NULL,NULL),
 (2,'Second Term',NULL,NULL,NULL,2,0,NULL,NULL,NULL,NULL,1,0,NULL,NULL,NULL,NULL),
 (3,'Third Term',NULL,NULL,NULL,3,0,NULL,NULL,NULL,NULL,1,0,NULL,NULL,NULL,NULL),
 (4,'Forth Term',NULL,NULL,NULL,4,0,NULL,NULL,NULL,NULL,1,0,NULL,NULL,NULL,NULL);
INSERT INTO "exam02_types" ("id","name","description","order_index","is_optional","session_id","school_id","user_id","approved_by","is_active","is_finalized","status","remarks","created_at","updated_at") VALUES (1,'Formative','',1,0,NULL,NULL,NULL,NULL,1,0,NULL,NULL,NULL,NULL),
 (2,'Summative',NULL,2,0,NULL,NULL,NULL,NULL,1,0,NULL,NULL,NULL,NULL);
INSERT INTO "exam03_parts" ("id","name","description","order_index","is_optional","session_id","school_id","user_id","approved_by","is_active","is_finalized","status","remarks","created_at","updated_at") VALUES (1,'Part 1','',1,0,NULL,NULL,NULL,NULL,1,0,NULL,NULL,NULL,NULL),
 (2,'Part 2',NULL,2,0,NULL,NULL,NULL,NULL,1,0,NULL,NULL,NULL,NULL);
INSERT INTO "exam04_modes" ("id","name","description","order_index","is_optional","session_id","school_id","user_id","approved_by","is_active","is_finalized","status","remarks","created_at","updated_at") VALUES (1,'Written','',1,0,NULL,NULL,NULL,NULL,1,0,NULL,NULL,NULL,NULL),
 (2,'Oral',NULL,2,0,NULL,NULL,NULL,NULL,1,0,NULL,NULL,NULL,NULL),
 (3,'Assignment',NULL,3,0,NULL,NULL,NULL,NULL,1,0,NULL,NULL,NULL,NULL),
 (4,'Project','',4,0,NULL,NULL,NULL,NULL,1,0,NULL,NULL,NULL,NULL),
 (5,'Practical',NULL,5,0,NULL,NULL,NULL,NULL,1,0,NULL,NULL,NULL,NULL);
INSERT INTO "exam05_details" ("id","name","description","myclass_id","exam_name_id","exam_type_id","exam_part_id","exam_mode_id","order_index","is_optional","session_id","school_id","user_id","approved_by","is_active","is_finalized","status","remarks","created_at","updated_at") VALUES (86,'First Term','Exam Configuration updated',1,1,1,1,2,NULL,NULL,NULL,NULL,4,NULL,1,0,NULL,NULL,'2025-08-05 16:21:53','2025-08-05 16:21:53'),
 (87,'First Term','Exam Configuration updated',1,1,2,1,1,NULL,NULL,NULL,NULL,4,NULL,1,0,NULL,NULL,'2025-08-05 16:21:53','2025-08-05 16:21:53'),
 (88,'Second Term','Exam Configuration updated',1,2,1,1,2,NULL,NULL,NULL,NULL,4,NULL,1,0,NULL,NULL,'2025-08-05 16:21:53','2025-08-05 16:21:53'),
 (89,'Second Term','Exam Configuration updated',1,2,2,1,1,NULL,NULL,NULL,NULL,4,NULL,1,0,NULL,NULL,'2025-08-05 16:21:53','2025-08-05 16:21:53'),
 (96,'Third Term','Exam Configuration updated',1,3,1,1,2,NULL,NULL,NULL,NULL,4,NULL,1,0,NULL,NULL,'2025-08-05 16:22:57','2025-08-05 16:22:57'),
 (97,'Third Term','Exam Configuration updated',1,3,2,1,1,NULL,NULL,NULL,NULL,4,NULL,1,0,NULL,NULL,'2025-08-05 16:22:57','2025-08-05 16:22:57'),
 (98,'Forth Term','Exam Configuration updated',1,4,1,1,2,NULL,NULL,NULL,NULL,4,NULL,1,0,NULL,NULL,'2025-08-05 16:23:06','2025-08-05 16:23:06'),
 (99,'Forth Term','Exam Configuration updated',1,4,2,1,1,NULL,NULL,NULL,NULL,4,NULL,1,0,NULL,NULL,'2025-08-05 16:23:06','2025-08-05 16:23:06'),
 (100,'First Term','Exam Configuration updated',2,1,1,1,2,NULL,NULL,NULL,NULL,4,NULL,1,0,NULL,NULL,'2025-08-05 16:21:53','2025-08-05 16:21:53'),
 (101,'First Term','Exam Configuration updated',2,1,2,1,1,NULL,NULL,NULL,NULL,4,NULL,1,0,NULL,NULL,'2025-08-05 16:21:53','2025-08-05 16:21:53'),
 (102,'Second Term','Exam Configuration updated',2,2,1,1,2,NULL,NULL,NULL,NULL,4,NULL,1,0,NULL,NULL,'2025-08-05 16:21:53','2025-08-05 16:21:53'),
 (103,'Second Term','Exam Configuration updated',2,2,2,1,1,NULL,NULL,NULL,NULL,4,NULL,1,0,NULL,NULL,'2025-08-05 16:21:53','2025-08-05 16:21:53'),
 (104,'Third Term','Exam Configuration updated',2,3,1,1,2,NULL,NULL,NULL,NULL,4,NULL,1,0,NULL,NULL,'2025-08-05 16:22:57','2025-08-05 16:22:57'),
 (105,'Third Term','Exam Configuration updated',2,3,2,1,1,NULL,NULL,NULL,NULL,4,NULL,1,0,NULL,NULL,'2025-08-05 16:22:57','2025-08-05 16:22:57'),
 (106,'Forth Term','Exam Configuration updated',2,4,1,1,2,NULL,NULL,NULL,NULL,4,NULL,1,0,NULL,NULL,'2025-08-05 16:23:06','2025-08-05 16:23:06'),
 (107,'Forth Term','Exam Configuration updated',2,4,2,1,1,NULL,NULL,NULL,NULL,4,NULL,1,0,NULL,NULL,'2025-08-05 16:23:06','2025-08-05 16:23:06'),
 (108,'First Term','Exam Configuration updated',3,1,1,1,2,NULL,NULL,NULL,NULL,4,NULL,1,0,NULL,NULL,'2025-08-05 16:21:53','2025-08-05 16:21:53'),
 (109,'First Term','Exam Configuration updated',3,1,2,1,1,NULL,NULL,NULL,NULL,4,NULL,1,0,NULL,NULL,'2025-08-05 16:21:53','2025-08-05 16:21:53'),
 (110,'Second Term','Exam Configuration updated',3,2,1,1,2,NULL,NULL,NULL,NULL,4,NULL,1,0,NULL,NULL,'2025-08-05 16:21:53','2025-08-05 16:21:53'),
 (111,'Second Term','Exam Configuration updated',3,2,2,1,1,NULL,NULL,NULL,NULL,4,NULL,1,0,NULL,NULL,'2025-08-05 16:21:53','2025-08-05 16:21:53'),
 (112,'Third Term','Exam Configuration updated',3,3,1,1,2,NULL,NULL,NULL,NULL,4,NULL,1,0,NULL,NULL,'2025-08-05 16:22:57','2025-08-05 16:22:57'),
 (113,'Third Term','Exam Configuration updated',3,3,2,1,1,NULL,NULL,NULL,NULL,4,NULL,1,0,NULL,NULL,'2025-08-05 16:22:57','2025-08-05 16:22:57'),
 (114,'Forth Term','Exam Configuration updated',3,4,1,1,2,NULL,NULL,NULL,NULL,4,NULL,1,0,NULL,NULL,'2025-08-05 16:23:06','2025-08-05 16:23:06'),
 (115,'Forth Term','Exam Configuration updated',3,4,2,1,1,NULL,NULL,NULL,NULL,4,NULL,1,0,NULL,NULL,'2025-08-05 16:23:06','2025-08-05 16:23:06'),
 (116,'First Term','Exam Configuration updated',4,1,1,1,2,NULL,NULL,NULL,NULL,4,NULL,1,0,NULL,NULL,'2025-08-05 16:21:53','2025-08-05 16:21:53'),
 (117,'First Term','Exam Configuration updated',4,1,2,1,1,NULL,NULL,NULL,NULL,4,NULL,1,0,NULL,NULL,'2025-08-05 16:21:53','2025-08-05 16:21:53'),
 (118,'Second Term','Exam Configuration updated',4,2,1,1,2,NULL,NULL,NULL,NULL,4,NULL,1,0,NULL,NULL,'2025-08-05 16:21:53','2025-08-05 16:21:53'),
 (119,'Second Term','Exam Configuration updated',4,2,2,1,1,NULL,NULL,NULL,NULL,4,NULL,1,0,NULL,NULL,'2025-08-05 16:21:53','2025-08-05 16:21:53'),
 (120,'Third Term','Exam Configuration updated',4,3,1,1,2,NULL,NULL,NULL,NULL,4,NULL,1,0,NULL,NULL,'2025-08-05 16:22:57','2025-08-05 16:22:57'),
 (121,'Third Term','Exam Configuration updated',4,3,2,1,1,NULL,NULL,NULL,NULL,4,NULL,1,0,NULL,NULL,'2025-08-05 16:22:57','2025-08-05 16:22:57'),
 (122,'Forth Term','Exam Configuration updated',4,4,1,1,2,NULL,NULL,NULL,NULL,4,NULL,1,0,NULL,NULL,'2025-08-05 16:23:06','2025-08-05 16:23:06'),
 (123,'Forth Term','Exam Configuration updated',4,4,2,1,1,NULL,NULL,NULL,NULL,4,NULL,1,0,NULL,NULL,'2025-08-05 16:23:06','2025-08-05 16:23:06'),
 (124,'First Term','Exam Configuration updated',5,1,1,1,2,NULL,NULL,NULL,NULL,4,NULL,1,0,NULL,NULL,'2025-08-05 16:21:53','2025-08-05 16:21:53'),
 (125,'First Term','Exam Configuration updated',5,1,2,1,1,NULL,NULL,NULL,NULL,4,NULL,1,0,NULL,NULL,'2025-08-05 16:21:53','2025-08-05 16:21:53'),
 (126,'Second Term','Exam Configuration updated',5,2,1,1,2,NULL,NULL,NULL,NULL,4,NULL,1,0,NULL,NULL,'2025-08-05 16:21:53','2025-08-05 16:21:53'),
 (127,'Second Term','Exam Configuration updated',5,2,2,1,1,NULL,NULL,NULL,NULL,4,NULL,1,0,NULL,NULL,'2025-08-05 16:21:53','2025-08-05 16:21:53'),
 (128,'Third Term','Exam Configuration updated',5,3,1,1,2,NULL,NULL,NULL,NULL,4,NULL,1,0,NULL,NULL,'2025-08-05 16:22:57','2025-08-05 16:22:57'),
 (129,'Third Term','Exam Configuration updated',5,3,2,1,1,NULL,NULL,NULL,NULL,4,NULL,1,0,NULL,NULL,'2025-08-05 16:22:57','2025-08-05 16:22:57'),
 (130,'Forth Term','Exam Configuration updated',5,4,1,1,2,NULL,NULL,NULL,NULL,4,NULL,1,0,NULL,NULL,'2025-08-05 16:23:06','2025-08-05 16:23:06'),
 (131,'Forth Term','Exam Configuration updated',5,4,2,1,1,NULL,NULL,NULL,NULL,4,NULL,1,0,NULL,NULL,'2025-08-05 16:23:06','2025-08-05 16:23:06'),
 (132,'First Term','Exam Configuration updated',6,1,1,1,2,NULL,NULL,NULL,NULL,4,NULL,1,0,NULL,NULL,'2025-08-05 16:21:53','2025-08-05 16:21:53'),
 (133,'First Term','Exam Configuration updated',6,1,2,1,1,NULL,NULL,NULL,NULL,4,NULL,1,0,NULL,NULL,'2025-08-05 16:21:53','2025-08-05 16:21:53'),
 (134,'Second Term','Exam Configuration updated',6,2,1,1,2,NULL,NULL,NULL,NULL,4,NULL,1,0,NULL,NULL,'2025-08-05 16:21:53','2025-08-05 16:21:53'),
 (135,'Second Term','Exam Configuration updated',6,2,2,1,1,NULL,NULL,NULL,NULL,4,NULL,1,0,NULL,NULL,'2025-08-05 16:21:53','2025-08-05 16:21:53'),
 (136,'Third Term','Exam Configuration updated',6,3,1,1,2,NULL,NULL,NULL,NULL,4,NULL,1,0,NULL,NULL,'2025-08-05 16:22:57','2025-08-05 16:22:57'),
 (137,'Third Term','Exam Configuration updated',6,3,2,1,1,NULL,NULL,NULL,NULL,4,NULL,1,0,NULL,NULL,'2025-08-05 16:22:57','2025-08-05 16:22:57'),
 (138,'Forth Term','Exam Configuration updated',6,4,1,1,2,NULL,NULL,NULL,NULL,4,NULL,1,0,NULL,NULL,'2025-08-05 16:23:06','2025-08-05 16:23:06'),
 (139,'Forth Term','Exam Configuration updated',6,4,2,1,1,NULL,NULL,NULL,NULL,4,NULL,1,0,NULL,NULL,'2025-08-05 16:23:06','2025-08-05 16:23:06'),
 (140,'First Term','Exam Configuration updated',7,1,1,1,2,NULL,NULL,NULL,NULL,4,NULL,1,0,NULL,NULL,'2025-08-05 16:21:53','2025-08-05 16:21:53'),
 (141,'First Term','Exam Configuration updated',7,1,2,1,1,NULL,NULL,NULL,NULL,4,NULL,1,0,NULL,NULL,'2025-08-05 16:21:53','2025-08-05 16:21:53'),
 (142,'Second Term','Exam Configuration updated',7,2,1,1,2,NULL,NULL,NULL,NULL,4,NULL,1,0,NULL,NULL,'2025-08-05 16:21:53','2025-08-05 16:21:53'),
 (143,'Second Term','Exam Configuration updated',7,2,2,1,1,NULL,NULL,NULL,NULL,4,NULL,1,0,NULL,NULL,'2025-08-05 16:21:53','2025-08-05 16:21:53'),
 (144,'Third Term','Exam Configuration updated',7,3,1,1,2,NULL,NULL,NULL,NULL,4,NULL,1,0,NULL,NULL,'2025-08-05 16:22:57','2025-08-05 16:22:57'),
 (145,'Third Term','Exam Configuration updated',7,3,2,1,1,NULL,NULL,NULL,NULL,4,NULL,1,0,NULL,NULL,'2025-08-05 16:22:57','2025-08-05 16:22:57'),
 (146,'Forth Term','Exam Configuration updated',7,4,1,1,2,NULL,NULL,NULL,NULL,4,NULL,1,0,NULL,NULL,'2025-08-05 16:23:06','2025-08-05 16:23:06'),
 (147,'Forth Term','Exam Configuration updated',7,4,2,1,1,NULL,NULL,NULL,NULL,4,NULL,1,0,NULL,NULL,'2025-08-05 16:23:06','2025-08-05 16:23:06'),
 (148,'First Term','Exam Configuration updated',8,1,1,1,2,NULL,NULL,NULL,NULL,4,NULL,1,0,NULL,NULL,'2025-08-05 16:21:53','2025-08-05 16:21:53'),
 (149,'First Term','Exam Configuration updated',8,1,2,1,1,NULL,NULL,NULL,NULL,4,NULL,1,0,NULL,NULL,'2025-08-05 16:21:53','2025-08-05 16:21:53'),
 (150,'Second Term','Exam Configuration updated',8,2,1,1,2,NULL,NULL,NULL,NULL,4,NULL,1,0,NULL,NULL,'2025-08-05 16:21:53','2025-08-05 16:21:53'),
 (151,'Second Term','Exam Configuration updated',8,2,2,1,1,NULL,NULL,NULL,NULL,4,NULL,1,0,NULL,NULL,'2025-08-05 16:21:53','2025-08-05 16:21:53'),
 (152,'Third Term','Exam Configuration updated',8,3,1,1,2,NULL,NULL,NULL,NULL,4,NULL,1,0,NULL,NULL,'2025-08-05 16:22:57','2025-08-05 16:22:57'),
 (153,'Third Term','Exam Configuration updated',8,3,2,1,1,NULL,NULL,NULL,NULL,4,NULL,1,0,NULL,NULL,'2025-08-05 16:22:57','2025-08-05 16:22:57'),
 (154,'Forth Term','Exam Configuration updated',8,4,1,1,2,NULL,NULL,NULL,NULL,4,NULL,1,0,NULL,NULL,'2025-08-05 16:23:06','2025-08-05 16:23:06'),
 (155,'Forth Term','Exam Configuration updated',8,4,2,1,1,NULL,NULL,NULL,NULL,4,NULL,1,0,NULL,NULL,'2025-08-05 16:23:06','2025-08-05 16:23:06');
INSERT INTO "myclass_sections" ("id","name","description","myclass_id","section_id","order_index","school_id","session_id","user_id","approved_by","is_active","is_finalized","status","remarks","created_at","updated_at") VALUES (1,'',NULL,1,1,'','','','','',1,0,'','','',''),
 (2,NULL,NULL,1,2,'','','','','',1,0,'','','',''),
 (3,'','',1,3,'','','','','',1,0,'','','',''),
 (4,'','',2,1,'','','','','',1,0,'','','',''),
 (5,'','',2,2,'','','','','',1,0,'','','',''),
 (6,'','',3,1,0,'','','','',1,0,'','','',''),
 (7,'','',3,2,'','','','','',1,0,'','','',''),
 (8,NULL,NULL,4,1,NULL,NULL,NULL,NULL,NULL,1,0,NULL,NULL,NULL,NULL),
 (9,NULL,NULL,4,2,NULL,NULL,NULL,NULL,NULL,1,0,NULL,NULL,NULL,NULL),
 (10,NULL,NULL,5,1,'','','','','',1,0,'','','',''),
 (11,NULL,NULL,5,2,NULL,NULL,NULL,NULL,NULL,1,0,NULL,NULL,NULL,NULL),
 (12,NULL,NULL,6,1,NULL,NULL,NULL,NULL,NULL,1,0,NULL,NULL,NULL,NULL),
 (13,NULL,NULL,6,2,NULL,NULL,NULL,NULL,NULL,1,0,NULL,NULL,NULL,NULL),
 (14,NULL,NULL,7,1,NULL,NULL,NULL,NULL,NULL,1,0,NULL,NULL,NULL,NULL),
 (15,NULL,NULL,7,2,NULL,NULL,NULL,NULL,NULL,1,0,NULL,NULL,NULL,NULL),
 (16,NULL,NULL,8,1,NULL,NULL,NULL,NULL,NULL,1,0,NULL,NULL,NULL,NULL);
INSERT INTO "subjects" ("id","name","description","order_index","subject_type_id","school_id","session_id","user_id","approved_by","is_active","is_finalized","status","remarks","created_at","updated_at") VALUES (1,'Bengali',NULL,NULL,2,NULL,NULL,NULL,NULL,1,0,NULL,NULL,NULL,NULL),
 (2,'English',NULL,NULL,2,NULL,NULL,NULL,NULL,1,0,NULL,NULL,NULL,NULL),
 (3,'History',NULL,NULL,2,NULL,NULL,NULL,NULL,1,0,NULL,NULL,NULL,NULL),
 (4,'Geography',NULL,NULL,2,NULL,NULL,NULL,NULL,1,0,NULL,NULL,NULL,NULL),
 (5,'Physical Science',NULL,NULL,2,NULL,NULL,NULL,NULL,1,0,NULL,NULL,NULL,NULL),
 (6,'Life Science',NULL,NULL,2,NULL,NULL,NULL,NULL,1,0,NULL,NULL,NULL,NULL),
 (7,'Mathematics',NULL,NULL,2,NULL,NULL,NULL,NULL,1,0,NULL,NULL,NULL,NULL),
 (8,'Physcial Education','','',2,'','','','',1,0,'','','',''),
 (9,'Work Education','','',2,'','','','',1,0,'','','',''),
 (10,'Computer',NULL,NULL,2,NULL,NULL,NULL,NULL,1,0,NULL,NULL,NULL,NULL),
 (11,'Envronment','','',2,'','','','',1,0,'','','',''),
 (12,'AA',NULL,NULL,1,NULL,NULL,NULL,NULL,1,0,NULL,NULL,NULL,NULL),
 (13,'BB',NULL,NULL,1,NULL,NULL,NULL,NULL,1,0,NULL,NULL,NULL,NULL),
 (14,'CC',NULL,NULL,1,NULL,NULL,NULL,NULL,1,0,NULL,NULL,NULL,NULL),
 (15,'DD',NULL,NULL,1,NULL,NULL,NULL,NULL,1,0,NULL,NULL,NULL,NULL),
 (16,'EE',NULL,NULL,1,NULL,NULL,NULL,NULL,1,0,NULL,NULL,NULL,NULL);
INSERT INTO "subject_types" ("id","name","description","order_index","school_id","session_id","user_id","approved_by","is_active","is_finalized","status","remarks","created_at","updated_at") VALUES (1,'Formative','',NULL,NULL,NULL,NULL,NULL,1,0,NULL,NULL,NULL,NULL),
 (2,'Summative',NULL,NULL,NULL,NULL,NULL,NULL,1,0,NULL,NULL,NULL,NULL);
INSERT INTO "myclass_subjects" ("id","name","description","order_index","is_optional","myclass_id","subject_id","session_id","school_id","user_id","approved_by","is_active","is_finalized","status","remarks","created_at","updated_at") VALUES (1,'a',NULL,1,0,1,1,'','','','',1,0,'','','','2025-08-11 19:01:12'),
 (2,'b','',2,0,1,2,'',NULL,NULL,4,1,1,'active',NULL,NULL,'2025-08-11 19:01:29'),
 (3,'c',NULL,3,0,1,7,NULL,NULL,NULL,NULL,1,0,NULL,NULL,NULL,'2025-08-11 19:01:09'),
 (4,'d',NULL,4,0,1,11,NULL,NULL,NULL,NULL,1,0,NULL,NULL,NULL,'2025-08-11 19:01:12'),
 (5,'',NULL,5,0,1,10,NULL,NULL,NULL,NULL,1,0,NULL,NULL,NULL,'2025-08-11 19:01:12'),
 (6,'',NULL,6,0,1,8,NULL,NULL,NULL,NULL,1,0,NULL,NULL,NULL,'2025-08-11 19:01:12'),
 (7,'',NULL,7,0,1,9,NULL,NULL,NULL,NULL,1,0,NULL,NULL,NULL,'2025-08-11 19:01:12'),
 (8,'',NULL,8,0,2,1,NULL,NULL,NULL,NULL,1,0,NULL,NULL,NULL,'2025-08-11 19:01:12'),
 (9,'',NULL,9,0,2,2,NULL,NULL,NULL,NULL,1,0,NULL,NULL,NULL,'2025-08-11 19:01:12'),
 (10,'',NULL,10,0,2,7,NULL,NULL,NULL,NULL,1,0,NULL,NULL,NULL,'2025-08-11 19:01:12'),
 (11,'',NULL,11,0,2,11,NULL,NULL,NULL,NULL,1,0,NULL,NULL,NULL,'2025-08-11 19:01:12'),
 (12,'',NULL,12,0,2,10,NULL,NULL,NULL,NULL,1,0,NULL,NULL,NULL,'2025-08-11 19:01:12'),
 (13,'',NULL,13,0,2,8,NULL,NULL,NULL,NULL,1,0,NULL,NULL,NULL,'2025-08-11 19:01:12'),
 (14,'',NULL,14,0,2,9,NULL,NULL,NULL,NULL,1,0,NULL,NULL,NULL,'2025-08-11 19:01:12'),
 (15,'',NULL,15,0,3,1,NULL,NULL,NULL,NULL,1,0,NULL,NULL,NULL,'2025-08-11 19:01:12'),
 (16,'',NULL,16,0,3,2,NULL,NULL,NULL,NULL,1,0,NULL,NULL,NULL,'2025-08-11 19:01:12'),
 (17,'',NULL,17,0,3,7,NULL,NULL,NULL,NULL,1,0,NULL,NULL,NULL,'2025-08-11 19:01:12'),
 (18,'',NULL,18,0,3,11,NULL,NULL,NULL,NULL,1,0,NULL,NULL,NULL,'2025-08-11 19:01:12'),
 (19,'',NULL,19,0,3,10,NULL,NULL,NULL,NULL,1,0,NULL,NULL,NULL,'2025-08-11 19:01:12'),
 (20,'',NULL,20,0,3,8,NULL,NULL,NULL,NULL,1,0,NULL,NULL,NULL,'2025-08-11 19:01:12'),
 (21,'',NULL,21,0,3,9,NULL,NULL,NULL,NULL,1,0,NULL,NULL,NULL,'2025-08-11 19:01:12'),
 (22,'',NULL,22,0,4,1,NULL,NULL,NULL,NULL,1,0,NULL,NULL,NULL,'2025-08-11 19:01:12'),
 (23,'',NULL,23,0,4,2,NULL,NULL,NULL,NULL,1,0,NULL,NULL,NULL,'2025-08-11 19:01:12'),
 (24,'',NULL,24,0,4,7,NULL,NULL,NULL,NULL,1,0,NULL,NULL,NULL,'2025-08-11 19:01:12'),
 (25,'',NULL,25,0,4,11,NULL,NULL,NULL,NULL,1,0,NULL,NULL,NULL,'2025-08-11 19:01:12'),
 (26,'',NULL,26,0,4,10,NULL,NULL,NULL,NULL,1,0,NULL,NULL,NULL,'2025-08-11 19:01:12'),
 (27,'',NULL,27,0,4,8,NULL,NULL,NULL,NULL,1,0,NULL,NULL,NULL,'2025-08-11 19:01:12'),
 (28,'',NULL,28,0,4,9,NULL,NULL,NULL,NULL,1,0,NULL,NULL,NULL,'2025-08-11 19:01:12'),
 (29,'',NULL,29,0,5,1,NULL,NULL,NULL,NULL,1,0,NULL,NULL,NULL,'2025-08-11 19:01:12'),
 (30,'',NULL,30,0,5,2,NULL,NULL,NULL,NULL,1,0,NULL,NULL,NULL,'2025-08-11 19:01:12'),
 (31,'',NULL,31,0,5,7,NULL,NULL,NULL,NULL,1,0,NULL,NULL,NULL,'2025-08-11 19:01:12'),
 (32,'',NULL,32,0,5,11,NULL,NULL,NULL,NULL,1,0,NULL,NULL,NULL,'2025-08-11 19:01:12'),
 (33,'',NULL,33,0,5,10,NULL,NULL,NULL,NULL,1,0,NULL,NULL,NULL,'2025-08-11 19:01:12'),
 (34,'',NULL,34,0,5,8,NULL,NULL,NULL,NULL,1,0,NULL,NULL,NULL,'2025-08-11 19:01:12'),
 (35,'',NULL,35,0,5,9,NULL,NULL,NULL,NULL,1,0,NULL,NULL,NULL,'2025-08-11 19:01:12'),
 (36,'',NULL,36,0,6,1,NULL,NULL,NULL,NULL,1,0,NULL,NULL,NULL,'2025-08-11 19:01:12'),
 (37,'',NULL,37,0,6,2,NULL,NULL,NULL,NULL,1,0,NULL,NULL,NULL,'2025-08-11 19:01:12'),
 (38,'',NULL,38,0,6,3,NULL,NULL,NULL,NULL,1,0,NULL,NULL,NULL,'2025-08-11 19:01:12'),
 (39,'',NULL,39,0,6,4,NULL,NULL,NULL,NULL,1,0,NULL,NULL,NULL,'2025-08-11 19:01:12'),
 (40,'',NULL,40,0,6,11,NULL,NULL,NULL,NULL,1,0,NULL,NULL,NULL,'2025-08-11 19:01:12'),
 (41,'',NULL,41,0,6,7,NULL,NULL,NULL,NULL,1,0,NULL,NULL,NULL,'2025-08-11 19:01:12'),
 (42,'',NULL,42,0,6,8,NULL,NULL,NULL,NULL,1,0,NULL,NULL,NULL,'2025-08-11 19:01:12'),
 (43,'',NULL,43,0,6,9,NULL,NULL,NULL,NULL,1,0,NULL,NULL,NULL,'2025-08-11 19:01:12'),
 (44,'',NULL,44,0,6,10,NULL,NULL,NULL,NULL,1,0,NULL,NULL,NULL,'2025-08-11 19:01:12'),
 (45,'',NULL,45,0,7,1,NULL,NULL,NULL,NULL,1,0,NULL,NULL,NULL,'2025-08-11 19:01:12'),
 (46,'',NULL,46,0,7,2,NULL,NULL,NULL,NULL,1,0,NULL,NULL,NULL,'2025-08-11 19:01:12'),
 (47,'',NULL,47,0,7,3,NULL,NULL,NULL,NULL,1,0,NULL,NULL,NULL,'2025-08-11 19:01:12'),
 (48,'',NULL,48,0,7,4,NULL,NULL,NULL,NULL,1,0,NULL,NULL,NULL,'2025-08-11 19:01:12'),
 (49,'',NULL,49,0,7,11,NULL,NULL,NULL,NULL,1,0,NULL,NULL,NULL,'2025-08-11 19:01:12'),
 (50,'',NULL,50,0,7,7,NULL,NULL,NULL,NULL,1,0,NULL,NULL,NULL,'2025-08-11 19:01:12'),
 (51,'',NULL,51,0,7,8,NULL,NULL,NULL,NULL,1,0,NULL,NULL,NULL,'2025-08-11 19:01:12'),
 (52,'',NULL,52,0,7,9,NULL,NULL,NULL,NULL,1,0,NULL,NULL,NULL,'2025-08-11 19:01:12'),
 (53,'',NULL,53,0,7,10,NULL,NULL,NULL,NULL,1,0,NULL,NULL,NULL,'2025-08-11 19:01:12'),
 (54,'',NULL,54,0,8,1,NULL,NULL,NULL,NULL,1,0,NULL,NULL,NULL,'2025-08-11 19:01:12'),
 (55,'',NULL,55,0,8,2,NULL,NULL,NULL,NULL,1,0,NULL,NULL,NULL,'2025-08-11 19:01:12'),
 (56,'',NULL,56,0,8,3,NULL,NULL,NULL,NULL,1,0,NULL,NULL,NULL,'2025-08-11 19:01:12'),
 (57,'',NULL,57,0,8,4,NULL,NULL,NULL,NULL,1,0,NULL,NULL,NULL,'2025-08-11 19:01:12'),
 (58,'',NULL,58,0,8,5,NULL,NULL,NULL,NULL,1,0,NULL,NULL,NULL,'2025-08-11 19:01:12'),
 (59,'',NULL,59,0,8,6,NULL,NULL,NULL,NULL,1,0,NULL,NULL,NULL,'2025-08-11 19:01:12'),
 (60,'',NULL,60,0,8,7,NULL,NULL,NULL,NULL,1,0,NULL,NULL,NULL,'2025-08-11 19:01:12'),
 (61,'',NULL,61,0,8,8,NULL,NULL,NULL,NULL,1,0,NULL,NULL,NULL,'2025-08-11 19:01:12'),
 (62,'',NULL,62,0,8,9,NULL,NULL,NULL,NULL,1,0,NULL,NULL,NULL,'2025-08-11 19:01:12'),
 (63,'',NULL,63,0,8,10,NULL,NULL,NULL,NULL,1,0,NULL,NULL,NULL,'2025-08-11 19:01:12'),
 (64,'',NULL,64,0,1,12,NULL,NULL,NULL,NULL,1,0,NULL,NULL,NULL,'2025-08-11 19:01:12'),
 (65,'',NULL,65,0,1,13,NULL,NULL,NULL,NULL,1,0,NULL,NULL,NULL,'2025-08-11 19:01:12'),
 (66,'',NULL,66,0,2,12,NULL,NULL,NULL,NULL,1,0,NULL,NULL,NULL,'2025-08-11 19:01:12'),
 (67,'',NULL,67,0,2,13,NULL,NULL,NULL,NULL,1,0,NULL,NULL,NULL,'2025-08-11 19:01:12'),
 (68,'',NULL,68,0,3,12,NULL,NULL,NULL,NULL,1,0,NULL,NULL,NULL,'2025-08-11 19:01:12'),
 (69,'',NULL,69,0,3,13,NULL,NULL,NULL,NULL,1,0,NULL,NULL,NULL,'2025-08-11 19:01:12'),
 (70,'',NULL,70,0,4,12,NULL,NULL,NULL,NULL,1,0,NULL,NULL,NULL,'2025-08-11 19:01:12'),
 (71,'',NULL,71,0,4,13,NULL,NULL,NULL,NULL,1,0,NULL,NULL,NULL,'2025-08-11 19:01:12'),
 (72,'',NULL,72,0,4,14,NULL,NULL,NULL,NULL,1,0,NULL,NULL,NULL,'2025-08-11 19:01:12'),
 (73,'',NULL,73,0,5,12,NULL,NULL,NULL,NULL,1,0,NULL,NULL,NULL,'2025-08-11 19:01:12'),
 (74,'',NULL,74,0,5,13,NULL,NULL,NULL,NULL,1,0,NULL,NULL,NULL,'2025-08-11 19:01:12'),
 (75,'',NULL,75,0,5,14,NULL,NULL,NULL,NULL,1,0,NULL,NULL,NULL,'2025-08-11 19:01:12'),
 (76,'',NULL,76,0,6,12,NULL,NULL,NULL,NULL,1,0,NULL,NULL,NULL,'2025-08-11 19:01:12'),
 (77,'',NULL,77,0,6,13,NULL,NULL,NULL,NULL,1,0,NULL,NULL,NULL,'2025-08-11 19:01:12'),
 (78,'',NULL,78,0,6,14,NULL,NULL,NULL,NULL,1,0,NULL,NULL,NULL,'2025-08-11 19:01:12'),
 (79,'',NULL,79,0,6,15,NULL,NULL,NULL,NULL,1,0,NULL,NULL,NULL,'2025-08-11 19:01:12'),
 (80,'',NULL,80,0,7,12,NULL,NULL,NULL,NULL,1,0,NULL,NULL,NULL,'2025-08-11 19:01:12'),
 (81,'',NULL,81,0,7,13,NULL,NULL,NULL,NULL,1,0,NULL,NULL,NULL,'2025-08-11 19:01:12'),
 (82,'',NULL,82,0,7,14,NULL,NULL,NULL,NULL,1,0,NULL,NULL,NULL,'2025-08-11 19:01:12'),
 (83,'',NULL,83,0,7,15,NULL,NULL,NULL,NULL,1,0,NULL,NULL,NULL,'2025-08-11 19:01:12'),
 (84,'',NULL,84,0,8,12,NULL,NULL,NULL,NULL,1,0,NULL,NULL,NULL,'2025-08-11 19:01:12'),
 (85,'',NULL,85,0,8,13,NULL,NULL,NULL,NULL,1,0,NULL,NULL,NULL,'2025-08-11 19:01:12'),
 (86,'',NULL,86,0,8,14,NULL,NULL,NULL,NULL,1,0,NULL,NULL,NULL,'2025-08-11 19:01:12'),
 (87,'',NULL,87,0,8,15,'','','','',1,0,'','','','2025-08-11 19:01:12'),
 (88,'',NULL,88,0,8,16,NULL,NULL,NULL,NULL,1,0,NULL,NULL,NULL,'2025-08-11 19:01:12');
INSERT INTO "exam07_ansscr_dists" ("id","name","description","exam_detail_id","myclass_section_id","exam_class_subject_id","teacher_id","order_index","is_optional","session_id","school_id","user_id","approved_by","is_active","is_finalized","status","remarks","created_at","updated_at") VALUES (14,'9_2_1_1',NULL,89,1,58,9,NULL,0,NULL,NULL,4,NULL,1,0,NULL,NULL,'2025-08-19 17:11:47','2025-08-19 17:11:47'),
 (15,'1_2_1_1',NULL,87,1,41,4,NULL,0,NULL,NULL,4,NULL,1,0,NULL,NULL,'2025-08-20 02:13:00','2025-08-20 11:24:22'),
 (16,'1_2_2_2',NULL,87,2,41,6,NULL,0,NULL,NULL,4,NULL,1,0,NULL,NULL,'2025-08-20 02:20:39','2025-08-20 02:20:39'),
 (17,'1_2_1_3',NULL,89,3,42,11,NULL,0,NULL,NULL,4,NULL,1,0,NULL,NULL,'2025-08-20 02:37:48','2025-08-20 02:38:18'),
 (18,'1_2_1_1',NULL,89,1,42,1,NULL,0,NULL,NULL,4,NULL,1,0,NULL,NULL,'2025-08-20 02:50:56','2025-08-20 02:50:56'),
 (19,'2_2_1_1',NULL,87,1,45,4,NULL,0,NULL,NULL,4,NULL,1,0,NULL,NULL,'2025-08-20 11:24:39','2025-08-20 11:24:39');
INSERT INTO "exam10_marks_entries" ("id","name","description","exam_detail_id","exam_class_subject_id","myclass_section_id","studentcr_id","exam_marks","session_id","school_id","user_id","approved_by","is_active","is_finalized","status","remarks","created_at","updated_at") VALUES (1,NULL,NULL,87,3,1,24,11,NULL,NULL,NULL,NULL,1,0,NULL,NULL,'2025-08-09 09:50:43','2025-08-09 13:32:16'),
 (2,NULL,NULL,87,3,1,21,11,NULL,NULL,NULL,NULL,1,0,NULL,NULL,'2025-08-09 09:51:04','2025-08-09 13:32:16'),
 (3,NULL,NULL,87,3,1,23,45,NULL,NULL,NULL,NULL,1,0,NULL,NULL,'2025-08-09 09:51:09','2025-08-09 13:32:16'),
 (4,NULL,NULL,87,3,1,22,15,NULL,NULL,NULL,NULL,1,0,NULL,NULL,'2025-08-09 09:57:28','2025-08-09 13:32:16'),
 (10,NULL,NULL,87,41,1,21,20,NULL,NULL,NULL,NULL,1,0,NULL,NULL,'2025-08-20 04:35:20','2025-08-20 04:35:20');
INSERT INTO "exam06_class_subjects" ("id","name","description","exam_detail_id","myclass_id","subject_id","full_marks","pass_marks","time_in_minutes","is_additional","is_combined","order_index","is_optional","exam_weightage","session_id","school_id","user_id","approved_by","is_active","is_finalized","status","remarks","created_at","updated_at") VALUES (41,'Bengali - First Term - Summative - Part 1',NULL,87,1,1,30,5,60,0,0,NULL,0,NULL,1,1,4,NULL,1,0,NULL,NULL,'2025-08-09 18:40:11','2025-08-09 19:43:09'),
 (42,NULL,NULL,89,1,1,30,5,60,0,0,NULL,0,NULL,NULL,NULL,NULL,NULL,1,0,NULL,NULL,'2025-08-09 18:40:11','2025-08-09 18:40:11'),
 (43,NULL,NULL,97,1,1,30,5,NULL,0,0,NULL,0,NULL,NULL,NULL,NULL,NULL,1,0,NULL,NULL,'2025-08-09 18:40:11','2025-08-09 18:40:11'),
 (44,NULL,NULL,99,1,1,30,5,NULL,0,0,NULL,0,NULL,NULL,NULL,NULL,NULL,1,0,NULL,NULL,'2025-08-09 18:40:11','2025-08-09 18:40:11'),
 (45,NULL,NULL,87,1,2,30,5,NULL,0,0,NULL,0,NULL,NULL,NULL,NULL,NULL,1,0,NULL,NULL,'2025-08-09 18:40:11','2025-08-09 18:40:11'),
 (46,NULL,NULL,89,1,2,30,5,NULL,0,0,NULL,0,NULL,NULL,NULL,NULL,NULL,1,0,NULL,NULL,'2025-08-09 18:40:11','2025-08-09 18:40:11'),
 (47,NULL,NULL,97,1,2,30,5,NULL,0,0,NULL,0,NULL,NULL,NULL,NULL,NULL,1,0,NULL,NULL,'2025-08-09 18:40:11','2025-08-09 18:40:11'),
 (48,NULL,NULL,99,1,2,30,5,NULL,0,0,NULL,0,NULL,NULL,NULL,NULL,NULL,1,0,NULL,NULL,'2025-08-09 18:40:11','2025-08-09 18:40:11'),
 (49,NULL,NULL,87,1,7,30,5,NULL,0,0,NULL,0,NULL,NULL,NULL,NULL,NULL,1,0,NULL,NULL,'2025-08-09 18:40:11','2025-08-09 18:40:11'),
 (50,NULL,NULL,89,1,7,30,5,NULL,0,0,NULL,0,NULL,NULL,NULL,NULL,NULL,1,0,NULL,NULL,'2025-08-09 18:40:11','2025-08-09 18:40:11'),
 (51,NULL,NULL,97,1,7,30,5,NULL,0,0,NULL,0,NULL,NULL,NULL,NULL,NULL,1,0,NULL,NULL,'2025-08-09 18:40:11','2025-08-09 18:40:11'),
 (52,NULL,NULL,99,1,7,30,5,NULL,0,0,NULL,0,NULL,NULL,NULL,NULL,NULL,1,0,NULL,NULL,'2025-08-09 18:40:11','2025-08-09 18:40:11'),
 (53,NULL,NULL,87,1,8,30,5,NULL,0,0,NULL,0,NULL,NULL,NULL,NULL,NULL,1,0,NULL,NULL,'2025-08-09 18:40:11','2025-08-09 18:40:11'),
 (54,NULL,NULL,89,1,8,30,5,NULL,0,0,NULL,0,NULL,NULL,NULL,NULL,NULL,1,0,NULL,NULL,'2025-08-09 18:40:11','2025-08-09 18:40:11'),
 (55,NULL,NULL,97,1,8,30,5,NULL,0,0,NULL,0,NULL,NULL,NULL,NULL,NULL,1,0,NULL,NULL,'2025-08-09 18:40:11','2025-08-09 18:40:11'),
 (56,NULL,NULL,99,1,8,30,5,NULL,0,0,NULL,0,NULL,NULL,NULL,NULL,NULL,1,0,NULL,NULL,'2025-08-09 18:40:11','2025-08-09 18:40:11'),
 (57,NULL,NULL,87,1,9,30,5,NULL,0,0,NULL,0,NULL,NULL,NULL,NULL,NULL,1,0,NULL,NULL,'2025-08-09 18:40:11','2025-08-09 18:40:11'),
 (58,NULL,NULL,89,1,9,30,5,NULL,0,0,NULL,0,NULL,NULL,NULL,NULL,NULL,1,0,NULL,NULL,'2025-08-09 18:40:11','2025-08-09 18:40:11'),
 (59,NULL,NULL,97,1,9,30,5,NULL,0,0,NULL,0,NULL,NULL,NULL,NULL,NULL,1,0,NULL,NULL,'2025-08-09 18:40:11','2025-08-09 18:40:11'),
 (60,NULL,NULL,99,1,9,30,5,NULL,0,0,NULL,0,NULL,NULL,NULL,NULL,NULL,1,0,NULL,NULL,'2025-08-09 18:40:11','2025-08-09 18:40:11'),
 (61,NULL,NULL,87,1,10,30,5,NULL,0,0,NULL,0,NULL,NULL,NULL,NULL,NULL,1,0,NULL,NULL,'2025-08-09 18:40:11','2025-08-09 18:40:11'),
 (62,'DDD',NULL,89,1,10,30,5,NULL,0,0,NULL,0,NULL,NULL,NULL,NULL,NULL,1,0,NULL,NULL,'2025-08-09 18:40:11','2025-08-09 18:40:11'),
 (63,NULL,NULL,97,1,10,30,5,NULL,0,0,NULL,0,NULL,NULL,NULL,NULL,NULL,1,0,NULL,NULL,'2025-08-09 18:40:11','2025-08-09 18:40:11'),
 (64,NULL,NULL,99,1,10,30,5,NULL,0,0,NULL,0,NULL,NULL,NULL,NULL,NULL,1,0,NULL,NULL,'2025-08-09 18:40:11','2025-08-09 18:40:11'),
 (65,NULL,NULL,87,1,11,30,5,NULL,0,0,NULL,0,NULL,NULL,NULL,NULL,NULL,1,0,NULL,NULL,'2025-08-09 18:40:11','2025-08-09 18:40:11'),
 (66,NULL,NULL,89,1,11,30,5,NULL,0,0,NULL,0,NULL,NULL,NULL,NULL,NULL,1,0,NULL,NULL,'2025-08-09 18:40:11','2025-08-09 18:40:11'),
 (67,NULL,NULL,97,1,11,30,5,NULL,0,0,NULL,0,NULL,NULL,NULL,NULL,NULL,1,0,NULL,NULL,'2025-08-09 18:40:11','2025-08-09 18:40:11'),
 (68,NULL,NULL,99,1,11,30,5,NULL,0,0,NULL,0,NULL,NULL,NULL,NULL,NULL,1,0,NULL,NULL,'2025-08-09 18:40:11','2025-08-09 18:40:11'),
 (69,NULL,NULL,86,1,12,30,5,NULL,0,0,NULL,0,NULL,NULL,NULL,NULL,NULL,1,0,NULL,NULL,'2025-08-09 18:40:11','2025-08-09 18:40:11'),
 (70,NULL,NULL,88,1,12,30,5,NULL,0,0,NULL,0,NULL,NULL,NULL,NULL,NULL,1,0,NULL,NULL,'2025-08-09 18:40:11','2025-08-09 18:40:11'),
 (71,NULL,NULL,96,1,12,30,5,NULL,0,0,NULL,0,NULL,NULL,NULL,NULL,NULL,1,0,NULL,NULL,'2025-08-09 18:40:11','2025-08-09 18:40:11'),
 (72,NULL,NULL,98,1,12,30,5,NULL,0,0,NULL,0,NULL,NULL,NULL,NULL,NULL,1,0,NULL,NULL,'2025-08-09 18:40:11','2025-08-09 18:40:11'),
 (73,NULL,NULL,86,1,13,30,5,NULL,0,0,NULL,0,NULL,NULL,NULL,NULL,NULL,1,0,NULL,NULL,'2025-08-09 18:40:11','2025-08-09 18:40:11'),
 (74,NULL,NULL,88,1,13,30,5,NULL,0,0,NULL,0,NULL,NULL,NULL,NULL,NULL,1,0,NULL,NULL,'2025-08-09 18:40:11','2025-08-09 18:40:11'),
 (75,NULL,NULL,96,1,13,30,5,NULL,0,0,NULL,0,NULL,NULL,NULL,NULL,NULL,1,0,NULL,NULL,'2025-08-09 18:40:11','2025-08-09 18:40:11'),
 (76,NULL,NULL,98,1,13,30,5,NULL,0,0,NULL,0,NULL,NULL,NULL,NULL,NULL,1,0,NULL,NULL,'2025-08-09 18:40:11','2025-08-09 18:40:11'),
 (77,NULL,NULL,101,2,1,30,5,NULL,0,0,NULL,0,NULL,NULL,NULL,NULL,NULL,1,0,NULL,NULL,'2025-08-09 18:42:06','2025-08-09 18:42:06'),
 (78,NULL,NULL,101,2,2,30,5,NULL,0,0,NULL,0,NULL,NULL,NULL,NULL,NULL,1,0,NULL,NULL,'2025-08-09 18:42:34','2025-08-09 18:42:34'),
 (79,NULL,NULL,101,2,7,30,5,NULL,0,0,NULL,0,NULL,NULL,NULL,NULL,NULL,1,0,NULL,NULL,'2025-08-09 18:42:55','2025-08-09 18:42:55'),
 (80,NULL,NULL,101,2,11,NULL,NULL,NULL,0,0,NULL,0,NULL,NULL,NULL,NULL,NULL,1,0,NULL,NULL,'2025-08-17 16:33:05','2025-08-17 16:33:05'),
 (81,NULL,NULL,101,2,10,NULL,NULL,NULL,0,0,NULL,0,NULL,NULL,NULL,NULL,NULL,1,0,NULL,NULL,'2025-08-17 16:33:07','2025-08-17 16:33:07'),
 (82,NULL,NULL,101,2,8,NULL,NULL,NULL,0,0,NULL,0,NULL,NULL,NULL,NULL,NULL,1,0,NULL,NULL,'2025-08-17 16:33:09','2025-08-17 16:33:09'),
 (83,NULL,NULL,101,2,9,NULL,NULL,NULL,0,0,NULL,0,NULL,NULL,NULL,NULL,NULL,1,0,NULL,NULL,'2025-08-17 16:33:11','2025-08-17 16:33:11'),
 (86,NULL,NULL,100,2,12,NULL,NULL,NULL,0,0,NULL,0,NULL,NULL,NULL,NULL,NULL,1,0,NULL,NULL,'2025-08-17 16:33:20','2025-08-17 16:33:20'),
 (87,NULL,NULL,100,2,13,NULL,NULL,NULL,0,0,NULL,0,NULL,NULL,NULL,NULL,NULL,1,0,NULL,NULL,'2025-08-17 16:33:21','2025-08-17 16:33:21'),
 (88,NULL,NULL,106,2,12,NULL,NULL,NULL,0,0,NULL,0,NULL,NULL,NULL,NULL,NULL,1,0,NULL,NULL,'2025-08-17 16:33:23','2025-08-17 16:33:23'),
 (89,NULL,NULL,106,2,13,NULL,NULL,NULL,0,0,NULL,0,NULL,NULL,NULL,NULL,NULL,1,0,NULL,NULL,'2025-08-17 16:33:25','2025-08-17 16:33:25'),
 (90,NULL,NULL,107,2,1,NULL,NULL,NULL,0,0,NULL,0,NULL,NULL,NULL,NULL,NULL,1,0,NULL,NULL,'2025-08-17 16:33:41','2025-08-17 16:33:41'),
 (91,NULL,NULL,107,2,2,NULL,NULL,NULL,0,0,NULL,0,NULL,NULL,NULL,NULL,NULL,1,0,NULL,NULL,'2025-08-17 16:33:42','2025-08-17 16:33:42'),
 (92,NULL,NULL,107,2,7,NULL,NULL,NULL,0,0,NULL,0,NULL,NULL,NULL,NULL,NULL,1,0,NULL,NULL,'2025-08-17 16:33:44','2025-08-17 16:33:44'),
 (93,NULL,NULL,107,2,11,NULL,NULL,NULL,0,0,NULL,0,NULL,NULL,NULL,NULL,NULL,1,0,NULL,NULL,'2025-08-17 16:33:45','2025-08-17 16:33:45'),
 (94,NULL,NULL,107,2,10,NULL,NULL,NULL,0,0,NULL,0,NULL,NULL,NULL,NULL,NULL,1,0,NULL,NULL,'2025-08-17 16:33:45','2025-08-17 16:33:45'),
 (95,NULL,NULL,107,2,8,NULL,NULL,NULL,0,0,NULL,0,NULL,NULL,NULL,NULL,NULL,1,0,NULL,NULL,'2025-08-17 16:33:46','2025-08-17 16:33:46'),
 (96,NULL,NULL,107,2,9,NULL,NULL,NULL,0,0,NULL,0,NULL,NULL,NULL,NULL,NULL,1,0,NULL,NULL,'2025-08-17 16:33:48','2025-08-17 16:33:48'),
 (104,NULL,NULL,103,2,1,NULL,NULL,NULL,0,0,NULL,0,NULL,NULL,NULL,NULL,NULL,1,0,NULL,NULL,'2025-08-17 16:34:03','2025-08-17 16:34:03'),
 (105,NULL,NULL,103,2,2,NULL,NULL,NULL,0,0,NULL,0,NULL,NULL,NULL,NULL,NULL,1,0,NULL,NULL,'2025-08-17 16:34:11','2025-08-17 16:34:11'),
 (106,NULL,NULL,103,2,7,NULL,NULL,NULL,0,0,NULL,0,NULL,NULL,NULL,NULL,NULL,1,0,NULL,NULL,'2025-08-17 16:34:12','2025-08-17 16:34:12'),
 (107,NULL,NULL,103,2,11,NULL,NULL,NULL,0,0,NULL,0,NULL,NULL,NULL,NULL,NULL,1,0,NULL,NULL,'2025-08-17 16:34:13','2025-08-17 16:34:13'),
 (108,NULL,NULL,103,2,10,NULL,NULL,NULL,0,0,NULL,0,NULL,NULL,NULL,NULL,NULL,1,0,NULL,NULL,'2025-08-17 16:34:14','2025-08-17 16:34:14'),
 (109,NULL,NULL,103,2,8,NULL,NULL,NULL,0,0,NULL,0,NULL,NULL,NULL,NULL,NULL,1,0,NULL,NULL,'2025-08-17 16:34:14','2025-08-17 16:34:14'),
 (110,NULL,NULL,103,2,9,NULL,NULL,NULL,0,0,NULL,0,NULL,NULL,NULL,NULL,NULL,1,0,NULL,NULL,'2025-08-17 16:34:15','2025-08-17 16:34:15'),
 (111,NULL,NULL,102,2,12,NULL,NULL,NULL,0,0,NULL,0,NULL,NULL,NULL,NULL,NULL,1,0,NULL,NULL,'2025-08-17 16:34:16','2025-08-17 16:34:16'),
 (112,NULL,NULL,102,2,13,NULL,NULL,NULL,0,0,NULL,0,NULL,NULL,NULL,NULL,NULL,1,0,NULL,NULL,'2025-08-17 16:34:17','2025-08-17 16:34:17'),
 (113,NULL,NULL,104,2,12,NULL,NULL,NULL,0,0,NULL,0,NULL,NULL,NULL,NULL,NULL,1,0,NULL,NULL,'2025-08-17 16:34:37','2025-08-17 16:34:37'),
 (114,NULL,NULL,104,2,13,NULL,NULL,NULL,0,0,NULL,0,NULL,NULL,NULL,NULL,NULL,1,0,NULL,NULL,'2025-08-17 16:34:38','2025-08-17 16:34:38'),
 (115,NULL,NULL,105,2,1,NULL,NULL,NULL,0,0,NULL,0,NULL,NULL,NULL,NULL,NULL,1,0,NULL,NULL,'2025-08-17 16:34:42','2025-08-17 16:34:42'),
 (116,NULL,NULL,105,2,2,NULL,NULL,NULL,0,0,NULL,0,NULL,NULL,NULL,NULL,NULL,1,0,NULL,NULL,'2025-08-17 16:34:43','2025-08-17 16:34:43'),
 (117,NULL,NULL,105,2,7,NULL,NULL,NULL,0,0,NULL,0,NULL,NULL,NULL,NULL,NULL,1,0,NULL,NULL,'2025-08-17 16:34:44','2025-08-17 16:34:44'),
 (118,NULL,NULL,105,2,11,NULL,NULL,NULL,0,0,NULL,0,NULL,NULL,NULL,NULL,NULL,1,0,NULL,NULL,'2025-08-17 16:34:45','2025-08-17 16:34:45'),
 (119,NULL,NULL,105,2,10,NULL,NULL,NULL,0,0,NULL,0,NULL,NULL,NULL,NULL,NULL,1,0,NULL,NULL,'2025-08-17 16:34:46','2025-08-17 16:34:46'),
 (120,NULL,NULL,105,2,8,NULL,NULL,NULL,0,0,NULL,0,NULL,NULL,NULL,NULL,NULL,1,0,NULL,NULL,'2025-08-17 16:34:46','2025-08-17 16:34:46'),
 (121,NULL,NULL,105,2,9,NULL,NULL,NULL,0,0,NULL,0,NULL,NULL,NULL,NULL,NULL,1,0,NULL,NULL,'2025-08-17 16:34:47','2025-08-17 16:34:47'),
 (123,NULL,NULL,109,3,1,NULL,NULL,NULL,0,0,NULL,0,NULL,NULL,NULL,NULL,NULL,1,0,NULL,NULL,'2025-08-17 16:35:41','2025-08-17 16:35:41'),
 (124,NULL,NULL,109,3,2,NULL,NULL,NULL,0,0,NULL,0,NULL,NULL,NULL,NULL,NULL,1,0,NULL,NULL,'2025-08-17 16:35:42','2025-08-17 16:35:42'),
 (125,NULL,NULL,109,3,7,NULL,NULL,NULL,0,0,NULL,0,NULL,NULL,NULL,NULL,NULL,1,0,NULL,NULL,'2025-08-17 16:35:44','2025-08-17 16:35:44'),
 (126,NULL,NULL,109,3,11,NULL,NULL,NULL,0,0,NULL,0,NULL,NULL,NULL,NULL,NULL,1,0,NULL,NULL,'2025-08-17 16:35:45','2025-08-17 16:35:45'),
 (127,NULL,NULL,109,3,10,NULL,NULL,NULL,0,0,NULL,0,NULL,NULL,NULL,NULL,NULL,1,0,NULL,NULL,'2025-08-17 16:35:47','2025-08-17 16:35:47'),
 (128,NULL,NULL,109,3,8,NULL,NULL,NULL,0,0,NULL,0,NULL,NULL,NULL,NULL,NULL,1,0,NULL,NULL,'2025-08-17 16:35:49','2025-08-17 16:35:49'),
 (129,NULL,NULL,109,3,9,NULL,NULL,NULL,0,0,NULL,0,NULL,NULL,NULL,NULL,NULL,1,0,NULL,NULL,'2025-08-17 16:35:50','2025-08-17 16:35:50'),
 (130,NULL,NULL,108,3,12,NULL,NULL,NULL,0,0,NULL,0,NULL,NULL,NULL,NULL,NULL,1,0,NULL,NULL,'2025-08-17 16:35:52','2025-08-17 16:35:52'),
 (131,NULL,NULL,108,3,13,NULL,NULL,NULL,0,0,NULL,0,NULL,NULL,NULL,NULL,NULL,1,0,NULL,NULL,'2025-08-17 16:35:54','2025-08-17 16:35:54'),
 (132,NULL,NULL,115,3,1,NULL,NULL,NULL,0,0,NULL,0,NULL,NULL,NULL,NULL,NULL,1,0,NULL,NULL,'2025-08-17 16:35:57','2025-08-17 16:35:57'),
 (133,NULL,NULL,115,3,2,NULL,NULL,NULL,0,0,NULL,0,NULL,NULL,NULL,NULL,NULL,1,0,NULL,NULL,'2025-08-17 16:35:58','2025-08-17 16:35:58'),
 (134,NULL,NULL,115,3,7,NULL,NULL,NULL,0,0,NULL,0,NULL,NULL,NULL,NULL,NULL,1,0,NULL,NULL,'2025-08-17 16:35:59','2025-08-17 16:35:59'),
 (135,NULL,NULL,115,3,11,NULL,NULL,NULL,0,0,NULL,0,NULL,NULL,NULL,NULL,NULL,1,0,NULL,NULL,'2025-08-17 16:36:00','2025-08-17 16:36:00'),
 (136,NULL,NULL,115,3,10,NULL,NULL,NULL,0,0,NULL,0,NULL,NULL,NULL,NULL,NULL,1,0,NULL,NULL,'2025-08-17 16:36:02','2025-08-17 16:36:02'),
 (137,NULL,NULL,115,3,8,NULL,NULL,NULL,0,0,NULL,0,NULL,NULL,NULL,NULL,NULL,1,0,NULL,NULL,'2025-08-17 16:36:03','2025-08-17 16:36:03'),
 (138,NULL,NULL,115,3,9,NULL,NULL,NULL,0,0,NULL,0,NULL,NULL,NULL,NULL,NULL,1,0,NULL,NULL,'2025-08-17 16:36:04','2025-08-17 16:36:04'),
 (139,NULL,NULL,114,3,12,NULL,NULL,NULL,0,0,NULL,0,NULL,NULL,NULL,NULL,NULL,1,0,NULL,NULL,'2025-08-17 16:36:05','2025-08-17 16:36:05'),
 (140,NULL,NULL,114,3,13,NULL,NULL,NULL,0,0,NULL,0,NULL,NULL,NULL,NULL,NULL,1,0,NULL,NULL,'2025-08-17 16:36:09','2025-08-17 16:36:09'),
 (141,NULL,NULL,111,3,1,NULL,NULL,NULL,0,0,NULL,0,NULL,NULL,NULL,NULL,NULL,1,0,NULL,NULL,'2025-08-17 16:37:56','2025-08-17 16:37:56'),
 (142,NULL,NULL,111,3,2,NULL,NULL,NULL,0,0,NULL,0,NULL,NULL,NULL,NULL,NULL,1,0,NULL,NULL,'2025-08-17 16:37:56','2025-08-17 16:37:56'),
 (143,NULL,NULL,111,3,7,NULL,NULL,NULL,0,0,NULL,0,NULL,NULL,NULL,NULL,NULL,1,0,NULL,NULL,'2025-08-17 16:37:57','2025-08-17 16:37:57'),
 (144,NULL,NULL,111,3,11,NULL,NULL,NULL,0,0,NULL,0,NULL,NULL,NULL,NULL,NULL,1,0,NULL,NULL,'2025-08-17 16:37:58','2025-08-17 16:37:58'),
 (145,NULL,NULL,111,3,10,NULL,NULL,NULL,0,0,NULL,0,NULL,NULL,NULL,NULL,NULL,1,0,NULL,NULL,'2025-08-17 16:37:59','2025-08-17 16:37:59'),
 (146,NULL,NULL,111,3,8,NULL,NULL,NULL,0,0,NULL,0,NULL,NULL,NULL,NULL,NULL,1,0,NULL,NULL,'2025-08-17 16:38:00','2025-08-17 16:38:00'),
 (147,NULL,NULL,111,3,9,NULL,NULL,NULL,0,0,NULL,0,NULL,NULL,NULL,NULL,NULL,1,0,NULL,NULL,'2025-08-17 16:38:01','2025-08-17 16:38:01'),
 (148,NULL,NULL,110,3,12,NULL,NULL,NULL,0,0,NULL,0,NULL,NULL,NULL,NULL,NULL,1,0,NULL,NULL,'2025-08-17 16:38:01','2025-08-17 16:38:01'),
 (149,NULL,NULL,110,3,13,NULL,NULL,NULL,0,0,NULL,0,NULL,NULL,NULL,NULL,NULL,1,0,NULL,NULL,'2025-08-17 16:38:02','2025-08-17 16:38:02'),
 (150,NULL,NULL,113,3,1,NULL,NULL,NULL,0,0,NULL,0,NULL,NULL,NULL,NULL,NULL,1,0,NULL,NULL,'2025-08-17 16:38:03','2025-08-17 16:38:03'),
 (151,NULL,NULL,113,3,2,NULL,NULL,NULL,0,0,NULL,0,NULL,NULL,NULL,NULL,NULL,1,0,NULL,NULL,'2025-08-17 16:38:04','2025-08-17 16:38:04'),
 (152,NULL,NULL,113,3,7,NULL,NULL,NULL,0,0,NULL,0,NULL,NULL,NULL,NULL,NULL,1,0,NULL,NULL,'2025-08-17 16:38:05','2025-08-17 16:38:05'),
 (153,NULL,NULL,113,3,11,NULL,NULL,NULL,0,0,NULL,0,NULL,NULL,NULL,NULL,NULL,1,0,NULL,NULL,'2025-08-17 16:38:06','2025-08-17 16:38:06'),
 (154,NULL,NULL,113,3,10,NULL,NULL,NULL,0,0,NULL,0,NULL,NULL,NULL,NULL,NULL,1,0,NULL,NULL,'2025-08-17 16:38:07','2025-08-17 16:38:07'),
 (155,NULL,NULL,113,3,8,NULL,NULL,NULL,0,0,NULL,0,NULL,NULL,NULL,NULL,NULL,1,0,NULL,NULL,'2025-08-17 16:38:12','2025-08-17 16:38:12'),
 (156,NULL,NULL,113,3,9,NULL,NULL,NULL,0,0,NULL,0,NULL,NULL,NULL,NULL,NULL,1,0,NULL,NULL,'2025-08-17 16:38:13','2025-08-17 16:38:13'),
 (157,NULL,NULL,112,3,12,NULL,NULL,NULL,0,0,NULL,0,NULL,NULL,NULL,NULL,NULL,1,0,NULL,NULL,'2025-08-17 16:38:15','2025-08-17 16:38:15'),
 (158,NULL,NULL,112,3,13,NULL,NULL,NULL,0,0,NULL,0,NULL,NULL,NULL,NULL,NULL,1,0,NULL,NULL,'2025-08-17 16:38:16','2025-08-17 16:38:16');
INSERT INTO "subject_teacher" ("id","subject_id","teacher_id","is_primary","status","notes","created_at","updated_at") VALUES (1,1,5,1,'active','','',''),
 (2,1,6,1,'active','','','2025-08-13 02:45:47'),
 (3,2,7,1,'active','','',''),
 (4,3,9,1,'active','','',''),
 (5,4,11,1,'active','','',''),
 (6,5,1,1,'active','','',''),
 (7,5,2,1,'active','','',''),
 (8,6,2,1,'active','','',''),
 (9,6,3,1,'active','','',''),
 (10,7,2,1,'active','','',''),
 (11,8,5,1,'active','','',''),
 (12,9,6,1,'active',NULL,NULL,NULL),
 (13,10,15,1,'active',NULL,NULL,NULL),
 (14,11,12,1,'active','','',''),
 (15,11,4,1,'active',NULL,NULL,NULL),
 (16,3,8,1,'active',NULL,NULL,NULL),
 (17,7,10,1,'active','','',''),
 (18,8,13,1,'active','','',''),
 (19,9,14,1,'active',NULL,NULL,NULL);
INSERT INTO "users" ("id","name","email","email_verified_at","password","google_id","remember_token","role_id","teacher_id","studentdb_id","is_requested","created_at","updated_at") VALUES (1,'User','user@gmail.com','2024-09-03 20:50:23','$2y$10$4I/GqH1X6xaHOsaz6IaFSOQWGD1Z3rdIR9SVmFgcV43Y4UNqwaSuq',NULL,NULL,1,5,0,0,'2024-06-25 06:55:42','2024-09-18 23:20:37'),
 (2,'Sub Admin','subadmin@gmail.com','2024-09-22 20:50:18','$2y$10$xWBR2C70wr16W8fafFcJyubTs67NqEhWLKGjeycBmuONYzegtw59e',NULL,NULL,2,4,0,0,'2024-06-25 06:56:13','2025-08-20 08:47:05'),
 (3,'Office Staff','office@gmail.com','2024-09-12 08:27:29','$2y$10$Q/4X2YbvQ7YYrCNFaEKpxuX4ONaflkCJQYc0JgH75C3c4MrnXsPiq',NULL,'Qn3JDoMFihIaDODb9K4vDKkfZm5Poip7OBT8jOTeHPL2H2AwAvkIyLIZM2La',3,3,0,0,'2024-06-25 06:56:49','2025-08-15 02:59:02'),
 (4,'Admin','admin@gmail.com','2024-09-23 20:50:02','$2y$10$RyE2pp17XVshwHlqHzJSN.jiHAFqrX1aqIydx2zaW/7eYrdGDwoxy',NULL,'15eL2gMfXBnAjfV2D04CRuwjjKasDcRMMRn4YxR67SA0eTSRJFz3ekx5rrJT',4,2,0,0,'2024-06-25 06:57:21','2024-06-25 06:57:21'),
 (5,'Super Admin','supadmin@gmail.com','2024-09-23 20:50:02','$2y$10$RyE2pp17XVshwHlqHzJSN.jiHAFqrX1aqIydx2zaW/7eYrdGDwoxy',NULL,'WMptTtuOrpyyGXf1HZAuhQfj23saCMeRZglmDZlEOfOUWoOIgwMEB2ONvtw9',5,1,0,0,'2024-06-25 06:57:21','2024-06-25 06:57:21'),
 (6,'Test','test@gmail.com',NULL,'$2y$10$57h3yUPxsBa4GRCOQPjqCeAYvslRIB.wY.GuiT/WFYEXVh0L8m47q',NULL,NULL,2,15,0,NULL,'2025-08-20 07:40:37','2025-08-20 10:28:23');
CREATE INDEX IF NOT EXISTS "password_resets_email_index" ON "password_resets" (
	"email"
);
CREATE UNIQUE INDEX IF NOT EXISTS "failed_jobs_uuid_unique" ON "failed_jobs" (
	"uuid"
);
CREATE INDEX IF NOT EXISTS "personal_access_tokens_tokenable_type_tokenable_id_index" ON "personal_access_tokens" (
	"tokenable_type",
	"tokenable_id"
);
CREATE UNIQUE INDEX IF NOT EXISTS "personal_access_tokens_token_unique" ON "personal_access_tokens" (
	"token"
);
CREATE UNIQUE INDEX IF NOT EXISTS "subject_teacher_subject_id_teacher_id_unique" ON "subject_teacher" (
	"subject_id",
	"teacher_id"
);
CREATE INDEX IF NOT EXISTS "subject_teacher_subject_id_status_index" ON "subject_teacher" (
	"subject_id",
	"status"
);
CREATE INDEX IF NOT EXISTS "subject_teacher_teacher_id_status_index" ON "subject_teacher" (
	"teacher_id",
	"status"
);
CREATE UNIQUE INDEX IF NOT EXISTS "users_email_unique" ON "users" (
	"email"
);
COMMIT;
